Date,Adj_Close
2018-01-01,19.480199813842773
2018-01-02,20.110599517822266
2018-01-03,19.827499389648438
2018-01-04,20.417800903320312
2018-01-05,24.118099212646484
2018-01-06,24.46969985961914
2018-01-07,26.018400192260742
2018-01-08,26.08209991455078
2018-01-09,27.320999145507812
2018-01-10,24.943199157714844
2018-01-11,25.71649932861328
2018-01-12,27.663299560546875
2018-01-13,26.860300064086914
2018-01-14,26.50119972229004
2018-01-15,26.666500091552734
2018-01-16,24.036300659179688
2018-01-17,24.930400848388672
2018-01-18,23.349199295043945
2018-01-19,23.495800018310547
2018-01-20,25.165000915527344
2018-01-21,23.66080093383789
2018-01-22,23.325199127197266
2018-01-23,23.372100830078125
2018-01-24,23.88520050048828
2018-01-25,24.19659996032715
2018-01-26,24.558000564575195
2018-01-27,24.464799880981445
2018-01-28,25.644899368286133
2018-01-29,24.59510040283203
2018-01-30,24.226999282836914
2018-01-31,24.603200912475586
2018-02-01,23.4237003326416
2018-02-02,24.674999237060547
2018-02-03,23.419099807739258
2018-02-04,22.06679916381836
2018-02-05,19.83679962158203
2018-02-06,22.385099411010742
2018-02-07,18.78459930419922
2018-02-08,20.509199142456055
2018-02-09,20.348100662231445
2018-02-10,20.47249984741211
2018-02-11,19.728700637817383
2018-02-12,19.890100479125977
2018-02-13,20.740699768066406
2018-02-14,21.315500259399414
2018-02-15,21.781299591064453
2018-02-16,21.25909996032715
2018-02-17,22.0231990814209
2018-02-18,21.743900299072266
2018-02-19,22.693700790405273
2018-02-20,21.112600326538086
2018-02-21,19.385000228881836
2018-02-22,19.28580093383789
2018-02-23,19.14539909362793
2018-02-24,17.922000885009766
2018-02-25,17.099300384521484
2018-02-26,18.19930076599121
2018-02-27,18.70840072631836
2018-02-28,18.434900283813477
2018-03-01,18.789499282836914
2018-03-02,17.66390037536621
2018-03-03,17.122800827026367
2018-03-04,16.899599075317383
2018-03-05,17.38610076904297
2018-03-06,15.25100040435791
2018-03-07,14.075200080871582
2018-03-08,12.173299789428711
2018-03-09,12.41409969329834
2018-03-10,11.474499702453613
2018-03-11,12.904199600219727
2018-03-12,11.738200187683105
2018-03-13,10.666299819946289
2018-03-14,10.848099708557129
2018-03-15,10.277899742126465
2018-03-16,9.323579788208008
2018-03-17,9.238809585571289
2018-03-18,8.198749542236328
2018-03-19,7.908380031585693
2018-03-20,8.48052978515625
2018-03-21,9.056340217590332
2018-03-22,8.803839683532715
2018-03-23,8.533040046691895
2018-03-24,8.185370445251465
2018-03-25,7.91733980178833
2018-03-26,7.91786003112793
2018-03-27,7.191760063171387
2018-03-28,7.276279926300049
2018-03-29,6.89654016494751
2018-03-30,7.669610023498535
2018-03-31,8.06406021118164
2018-04-01,8.809610366821289
2018-04-02,8.926400184631348
2018-04-03,8.111869812011719
2018-04-04,7.67356014251709
2018-04-05,7.218440055847168
2018-04-06,7.045050144195557
2018-04-07,8.03555965423584
2018-04-08,8.646309852600098
2018-04-09,10.475700378417969
2018-04-10,9.914159774780273
2018-04-11,9.835439682006836
2018-04-12,12.51710033416748
2018-04-13,11.979900360107422
2018-04-14,12.829999923706055
2018-04-15,14.4350004196167
2018-04-16,13.21780014038086
2018-04-17,14.1181001663208
2018-04-18,16.368600845336914
2018-04-19,16.04129981994629
2018-04-20,16.025299072265625
2018-04-21,15.203800201416016
2018-04-22,14.531599998474121
2018-04-23,13.930100440979004
2018-04-24,16.074199676513672
2018-04-25,14.050100326538086
2018-04-26,14.820599555969238
2018-04-27,14.22350025177002
2018-04-28,14.75059986114502
2018-04-29,15.482199668884277
2018-04-30,14.48960018157959
2018-05-01,14.59689998626709
2018-05-02,14.494500160217285
2018-05-03,14.760299682617188
2018-05-04,14.689499855041504
2018-05-05,14.866100311279297
2018-05-06,14.740900039672852
2018-05-07,14.113499641418457
2018-05-08,14.06309986114502
2018-05-09,14.030900001525879
2018-05-10,13.736599922180176
2018-05-11,12.481399536132812
2018-05-12,12.909299850463867
2018-05-13,13.396499633789062
2018-05-14,12.995200157165527
2018-05-15,12.437700271606445
2018-05-16,10.99470043182373
2018-05-17,10.85260009765625
2018-05-18,11.565699577331543
2018-05-19,11.027600288391113
2018-05-20,11.107000350952148
2018-05-21,11.07960033416748
2018-05-22,10.380800247192383
2018-05-23,10.140600204467773
2018-05-24,10.673500061035156
2018-05-25,9.222189903259277
2018-05-26,9.268159866333008
2018-05-27,9.229169845581055
2018-05-28,8.301409721374512
2018-05-29,8.732029914855957
2018-05-30,8.741609573364258
2018-05-31,8.318260192871094
2018-06-01,8.987700462341309
2018-06-02,9.66724967956543
2018-06-03,9.469229698181152
2018-06-04,9.252630233764648
2018-06-05,9.075209617614746
2018-06-06,9.004019737243652
2018-06-07,9.133469581604004
2018-06-08,8.736989974975586
2018-06-09,8.898550033569336
2018-06-10,8.159159660339355
2018-06-11,8.085249900817871
2018-06-12,6.974979877471924
2018-06-13,7.605189800262451
2018-06-14,8.12483024597168
2018-06-15,7.2271599769592285
2018-06-16,7.216509819030762
2018-06-17,7.171629905700684
2018-06-18,7.485010147094727
2018-06-19,6.941659927368164
2018-06-20,7.319950103759766
2018-06-21,7.513239860534668
2018-06-22,6.853720188140869
2018-06-23,6.954390048980713
2018-06-24,6.394810199737549
2018-06-25,6.114309787750244
2018-06-26,6.413189888000488
2018-06-27,6.749120235443115
2018-06-28,6.324550151824951
2018-06-29,6.353519916534424
2018-06-30,7.009009838104248
2018-07-01,6.6600799560546875
2018-07-02,7.00177001953125
2018-07-03,7.480340003967285
2018-07-04,7.319580078125
2018-07-05,7.115389823913574
2018-07-06,7.22160005569458
2018-07-07,7.41048002243042
2018-07-08,7.355299949645996
2018-07-09,7.439849853515625
2018-07-10,6.594120025634766
2018-07-11,6.260119915008545
2018-07-12,6.144929885864258
2018-07-13,6.847209930419922
2018-07-14,6.790019989013672
2018-07-15,7.2545599937438965
2018-07-16,7.573540210723877
2018-07-17,10.186699867248535
2018-07-18,8.757530212402344
2018-07-19,8.093130111694336
2018-07-20,7.271349906921387
2018-07-21,7.3336100578308105
2018-07-22,6.874720096588135
2018-07-23,7.464479923248291
2018-07-24,7.925439834594727
2018-07-25,7.541800022125244
2018-07-26,7.313849925994873
2018-07-27,7.1457600593566895
2018-07-28,6.869929790496826
2018-07-29,7.001520156860352
2018-07-30,7.102680206298828
2018-07-31,5.463510036468506
2018-08-01,6.252799987792969
2018-08-02,6.491340160369873
2018-08-03,6.3607401847839355
2018-08-04,5.722630023956299
2018-08-05,6.38647985458374
2018-08-06,6.299870014190674
2018-08-07,5.595459938049316
2018-08-08,5.62775993347168
2018-08-09,5.588089942932129
2018-08-10,4.9444899559021
2018-08-11,5.0613298416137695
2018-08-12,5.029679775238037
2018-08-13,4.983729839324951
2018-08-14,4.701970100402832
2018-08-15,4.339310169219971
2018-08-16,4.573629856109619
2018-08-17,4.467040061950684
2018-08-18,4.595149993896484
2018-08-19,4.411379814147949
2018-08-20,4.339059829711914
2018-08-21,4.582880020141602
2018-08-22,4.807400226593018
2018-08-23,4.671939849853516
2018-08-24,4.402440071105957
2018-08-25,4.992809772491455
2018-08-26,4.51816987991333
2018-08-27,4.911890029907227
2018-08-28,5.244579792022705
2018-08-29,4.715060234069824
2018-08-30,4.923980236053467
2018-08-31,4.670340061187744
2018-09-01,4.849639892578125
2018-09-02,4.2230401039123535
2018-09-03,4.494040012359619
2018-09-04,4.108759880065918
2018-09-05,3.96943998336792
2018-09-06,4.16526985168457
2018-09-07,4.0517401695251465
2018-09-08,3.3084800243377686
2018-09-09,3.337630033493042
2018-09-10,3.8953299522399902
2018-09-11,4.079699993133545
2018-09-12,3.4354100227355957
2018-09-13,3.869580030441284
2018-09-14,3.753570079803467
2018-09-15,3.745069980621338
2018-09-16,3.4686899185180664
2018-09-17,3.332740068435669
2018-09-18,4.097360134124756
2018-09-19,4.285840034484863
2018-09-20,3.4840099811553955
2018-09-21,3.8921499252319336
2018-09-22,3.536099910736084
2018-09-23,4.22189998626709
2018-09-24,4.100719928741455
2018-09-25,4.119180202484131
2018-09-26,4.1055498123168945
2018-09-27,3.4663400650024414
2018-09-28,3.5393099784851074
2018-09-29,3.3804800510406494
2018-09-30,3.65693998336792
2018-10-01,3.626660108566284
2018-10-02,3.6039199829101562
2018-10-03,3.5804100036621094
2018-10-04,3.8447799682617188
2018-10-05,3.637589931488037
2018-10-06,3.723439931869507
2018-10-07,3.3846700191497803
2018-10-08,3.6872000694274902
2018-10-09,3.5387299060821533
2018-10-10,3.690459966659546
2018-10-11,4.044169902801514
2018-10-12,4.04233980178833
2018-10-13,3.608750104904175
2018-10-14,3.7392098903656006
2018-10-15,3.625659942626953
2018-10-16,3.6361000537872314
2018-10-17,3.6518499851226807
2018-10-18,3.9420299530029297
2018-10-19,4.016280174255371
2018-10-20,3.665339946746826
2018-10-21,3.629149913787842
2018-10-22,3.619800090789795
2018-10-23,3.628700017929077
2018-10-24,3.538939952850342
2018-10-25,3.9372398853302
2018-10-26,3.8945000171661377
2018-10-27,3.888240098953247
2018-10-28,3.8935000896453857
2018-10-29,3.8042500019073486
2018-10-30,3.7405099868774414
2018-10-31,3.4989800453186035
2018-11-01,3.5230400562286377
2018-11-02,3.625030040740967
2018-11-03,4.155439853668213
2018-11-04,3.5907599925994873
2018-11-05,3.816849946975708
2018-11-06,3.9607300758361816
2018-11-07,4.071700096130371
2018-11-08,4.184720039367676
2018-11-09,3.813070058822632
2018-11-10,3.764739990234375
2018-11-11,3.8657000064849854
2018-11-12,4.2377400398254395
2018-11-13,4.279520034790039
2018-11-14,3.3735599517822266
2018-11-15,3.4859700202941895
2018-11-16,3.6105198860168457
2018-11-17,3.652909994125366
2018-11-18,3.923870086669922
2018-11-19,3.3867499828338623
2018-11-20,3.0628199577331543
2018-11-21,3.3555901050567627
2018-11-22,3.555079936981201
2018-11-23,3.7550599575042725
2018-11-24,3.019289970397949
2018-11-25,3.343139886856079
2018-11-26,3.1003000736236572
2018-11-27,3.3576700687408447
2018-11-28,3.470410108566284
2018-11-29,3.4995229244232178
2018-11-30,3.2071499824523926
2018-12-01,3.4599390029907227
2018-12-02,3.5098140239715576
2018-12-03,3.4054501056671143
2018-12-04,3.2220280170440674
2018-12-05,3.079664945602417
2018-12-06,3.057547092437744
2018-12-07,2.9475018978118896
2018-12-08,2.906054973602295
2018-12-09,2.9763851165771484
2018-12-10,2.85447096824646
2018-12-11,2.697190046310425
2018-12-12,2.8316400051116943
2018-12-13,2.7824580669403076
2018-12-14,2.491262912750244
2018-12-15,2.569451093673706
2018-12-16,2.4017539024353027
2018-12-17,2.88413405418396
2018-12-18,2.8722269535064697
2018-12-19,2.9908978939056396
2018-12-20,3.5081889629364014
2018-12-21,2.903485059738159
2018-12-22,2.9737401008605957
2018-12-23,3.026405096054077
2018-12-24,3.044081926345825
2018-12-25,2.885796070098877
2018-12-26,3.0447869300842285
2018-12-27,2.87050199508667
2018-12-28,3.060123920440674
2018-12-29,2.892448902130127
2018-12-30,2.995842933654785
2018-12-31,2.8176369667053223
2019-01-01,3.0166521072387695
2019-01-02,3.3442471027374268
2019-01-03,3.3376030921936035
2019-01-04,3.461009979248047
2019-01-05,3.208686113357544
2019-01-06,3.3071610927581787
2019-01-07,3.4811580181121826
2019-01-08,3.4794020652770996
2019-01-09,3.4081830978393555
2019-01-10,2.9983320236206055
2019-01-11,3.0187830924987793
2019-01-12,3.113629102706909
2019-01-13,2.831963062286377
2019-01-14,2.8234329223632812
2019-01-15,2.882952928543091
2019-01-16,2.8926239013671875
2019-01-17,3.069669008255005
2019-01-18,2.8843789100646973
2019-01-19,3.1578099727630615
2019-01-20,3.003264904022217
2019-01-21,2.857261896133423
2019-01-22,2.84106707572937
2019-01-23,2.8439159393310547
2019-01-24,3.009848117828369
2019-01-25,2.961728096008301
2019-01-26,2.934091091156006
2019-01-27,2.912476062774658
2019-01-28,2.789017915725708
2019-01-29,2.6921989917755127
2019-01-30,2.7399520874023438
2019-01-31,2.7534749507904053
2019-02-01,2.779388904571533
2019-02-02,2.949860095977783
2019-02-03,2.86545991897583
2019-02-04,2.768141984939575
2019-02-05,2.6883111000061035
2019-02-06,2.70221209526062
2019-02-07,2.706861972808838
2019-02-08,3.0502769947052
2019-02-09,3.018533945083618
2019-02-10,2.8662400245666504
2019-02-11,2.8599069118499756
2019-02-12,2.7114169597625732
2019-02-13,2.819279909133911
2019-02-14,2.835779905319214
2019-02-15,2.9921491146087646
2019-02-16,3.0805370807647705
2019-02-17,3.0301740169525146
2019-02-18,3.3816940784454346
2019-02-19,3.3421430587768555
2019-02-20,3.2672019004821777
2019-02-21,3.315659999847412
2019-02-22,3.261336088180542
2019-02-23,3.452157974243164
2019-02-24,3.165247917175293
2019-02-25,3.1846060752868652
2019-02-26,3.1351749897003174
2019-02-27,2.982093095779419
2019-02-28,3.1586270332336426
2019-03-01,2.9493889808654785
2019-03-02,2.8416569232940674
2019-03-03,2.9494950771331787
2019-03-04,2.915734052658081
2019-03-05,3.1362950801849365
2019-03-06,3.208272933959961
2019-03-07,3.0695691108703613
2019-03-08,3.0832509994506836
2019-03-09,3.1294400691986084
2019-03-10,3.12927508354187
2019-03-11,2.847839117050171
2019-03-12,3.065124988555908
2019-03-13,2.695931911468506
2019-03-14,3.0415151119232178
2019-03-15,2.8439319133758545
2019-03-16,2.9801270961761475
2019-03-17,2.8860819339752197
2019-03-18,2.9914679527282715
2019-03-19,3.0205740928649902
2019-03-20,3.0622448921203613
2019-03-21,3.199398994445801
2019-03-22,3.3293819427490234
2019-03-23,3.251483917236328
2019-03-24,3.376059055328369
2019-03-25,3.2198588848114014
2019-03-26,2.9912919998168945
2019-03-27,3.156522035598755
2019-03-28,3.030406951904297
2019-03-29,3.193509101867676
2019-03-30,3.2408928871154785
2019-03-31,3.1982040405273438
2019-04-01,3.037597894668579
2019-04-02,3.620903968811035
2019-04-03,3.235399007797241
2019-04-04,3.8045530319213867
2019-04-05,3.7128350734710693
2019-04-06,3.705733060836792
2019-04-07,3.948312997817993
2019-04-08,3.893726110458374
2019-04-09,3.4577670097351074
2019-04-10,4.030068874359131
2019-04-11,3.6675360202789307
2019-04-12,3.8529629707336426
2019-04-13,4.049498081207275
2019-04-14,4.671632766723633
2019-04-15,5.22376012802124
2019-04-16,5.083520889282227
2019-04-17,5.637901782989502
2019-04-18,5.585457801818848
2019-04-19,5.634045124053955
2019-04-20,5.257781982421875
2019-04-21,5.298418998718262
2019-04-22,5.278528213500977
2019-04-23,5.415464878082275
2019-04-24,5.374650001525879
2019-04-25,4.521671772003174
2019-04-26,4.453550815582275
2019-04-27,4.5938591957092285
2019-04-28,4.973506927490234
2019-04-29,4.93897008895874
2019-04-30,5.101329803466797
2019-05-01,5.123776912689209
2019-05-02,5.209082126617432
2019-05-03,6.05838680267334
2019-05-04,7.001683235168457
2019-05-05,5.650356769561768
2019-05-06,5.49196195602417
2019-05-07,5.399503231048584
2019-05-08,5.860392093658447
2019-05-09,5.055543899536133
2019-05-10,4.781597137451172
2019-05-11,5.909759998321533
2019-05-12,5.3439040184021
2019-05-13,6.131317138671875
2019-05-14,6.035085201263428
2019-05-15,5.5391459465026855
2019-05-16,5.9631028175354
2019-05-17,5.642335891723633
2019-05-18,4.765354156494141
2019-05-19,5.118007183074951
2019-05-20,5.410751819610596
2019-05-21,5.904146194458008
2019-05-22,5.700263023376465
2019-05-23,5.82905387878418
2019-05-24,5.7736430168151855
2019-05-25,5.6541428565979
2019-05-26,6.359944820404053
2019-05-27,6.301873207092285
2019-05-28,6.109350204467773
2019-05-29,6.0781049728393555
2019-05-30,5.649393081665039
2019-05-31,5.502902984619141
2019-06-01,4.979267120361328
2019-06-02,5.685821056365967
2019-06-03,5.551743030548096
2019-06-04,5.165641784667969
2019-06-05,4.7836151123046875
2019-06-06,5.2364702224731445
2019-06-07,5.222369194030762
2019-06-08,5.208723068237305
2019-06-09,4.838788032531738
2019-06-10,5.226537227630615
2019-06-11,4.948841094970703
2019-06-12,4.91776704788208
2019-06-13,5.019791126251221
2019-06-14,5.0760650634765625
2019-06-15,5.418235778808594
2019-06-16,7.2955780029296875
2019-06-17,5.134318828582764
2019-06-18,4.591067790985107
2019-06-19,4.8810319900512695
2019-06-20,5.412178993225098
2019-06-21,5.16153621673584
2019-06-22,8.732168197631836
2019-06-23,6.1318769454956055
2019-06-24,6.234797954559326
2019-06-25,6.43747091293335
2019-06-26,9.336362838745117
2019-06-27,8.123688697814941
2019-06-28,6.127852916717529
2019-06-29,5.917259216308594
2019-06-30,5.357140064239502
2019-07-01,5.250382900238037
2019-07-02,5.767237186431885
2019-07-03,5.6749420166015625
2019-07-04,6.143479824066162
2019-07-05,6.047311782836914
2019-07-06,6.010293006896973
2019-07-07,6.049342155456543
2019-07-08,6.447917938232422
2019-07-09,5.673958778381348
2019-07-10,5.413258075714111
2019-07-11,5.233654022216797
2019-07-12,5.517449855804443
2019-07-13,5.051540851593018
2019-07-14,4.305840969085693
2019-07-15,7.696761131286621
2019-07-16,6.173168182373047
2019-07-17,6.855769157409668
2019-07-18,3.8692829608917236
2019-07-19,4.064786911010742
2019-07-20,4.039177894592285
2019-07-21,4.29695987701416
2019-07-22,4.096673965454102
2019-07-23,3.679292917251587
2019-07-24,4.009537220001221
2019-07-25,4.265312194824219
2019-07-26,4.436673164367676
2019-07-27,4.218826770782471
2019-07-28,4.323800086975098
2019-07-29,4.2337541580200195
2019-07-30,4.320465087890625
2019-07-31,4.613221168518066
2019-08-01,4.4829912185668945
2019-08-02,4.331347942352295
2019-08-03,4.436122894287109
2019-08-04,4.372814178466797
2019-08-05,4.703380107879639
2019-08-06,4.612802982330322
2019-08-07,4.809963226318359
2019-08-08,4.19529914855957
2019-08-09,4.3031158447265625
2019-08-10,3.8848609924316406
2019-08-11,4.314111232757568
2019-08-12,4.323602199554443
2019-08-13,4.186698913574219
2019-08-14,4.131010055541992
2019-08-15,3.940229892730713
2019-08-16,4.2392048835754395
2019-08-17,4.481468200683594
2019-08-18,4.023764133453369
2019-08-19,4.559079170227051
2019-08-20,4.246805191040039
2019-08-21,3.8776559829711914
2019-08-22,3.9236650466918945
2019-08-23,4.199399948120117
2019-08-24,4.103433132171631
2019-08-25,4.428813934326172
2019-08-26,4.612505912780762
2019-08-27,4.465991973876953
2019-08-28,3.8348569869995117
2019-08-29,3.193411111831665
2019-08-30,3.927963972091675
2019-08-31,3.4883360862731934
2019-09-01,4.135813236236572
2019-09-02,4.040348052978516
2019-09-03,4.205242156982422
2019-09-04,3.9691519737243652
2019-09-05,3.7019400596618652
2019-09-06,3.9702000617980957
2019-09-07,4.141233921051025
2019-09-08,4.180232048034668
2019-09-09,3.919076919555664
2019-09-10,4.180479049682617
2019-09-11,3.6165919303894043
2019-09-12,4.310398101806641
2019-09-13,4.354734897613525
2019-09-14,4.347273826599121
2019-09-15,4.1369500160217285
2019-09-16,4.471525192260742
2019-09-17,4.21010684967041
2019-09-18,3.939423084259033
2019-09-19,3.5634429454803467
2019-09-20,3.6005589962005615
2019-09-21,3.5579490661621094
2019-09-22,3.588876962661743
2019-09-23,3.4524550437927246
2019-09-24,3.2105491161346436
2019-09-25,3.3423640727996826
2019-09-26,3.350955009460449
2019-09-27,3.4214279651641846
2019-09-28,3.2692201137542725
2019-09-29,3.3250370025634766
2019-09-30,3.261681079864502
2019-10-01,3.22296404838562
2019-10-02,3.2469921112060547
2019-10-03,3.0227949619293213
2019-10-04,2.8760969638824463
2019-10-05,2.6929121017456055
2019-10-06,3.1283950805664062
2019-10-07,3.39349102973938
2019-10-08,2.9820539951324463
2019-10-09,3.6576879024505615
2019-10-10,3.5231969356536865
2019-10-11,3.42160701751709
2019-10-12,3.8330650329589844
2019-10-13,3.892457962036133
2019-10-14,4.135165214538574
2019-10-15,4.3917927742004395
2019-10-16,3.7722489833831787
2019-10-17,3.82887601852417
2019-10-18,4.096342086791992
2019-10-19,4.206222057342529
2019-10-20,3.9606640338897705
2019-10-21,4.281483173370361
2019-10-22,4.128256797790527
2019-10-23,3.7009220123291016
2019-10-24,3.9328019618988037
2019-10-25,4.74112606048584
2019-10-26,4.169919967651367
2019-10-27,4.586543083190918
2019-10-28,4.31049919128418
2019-10-29,4.322172164916992
2019-10-30,4.715485095977783
2019-10-31,5.079010963439941
2019-11-01,4.962540149688721
2019-11-02,4.994019031524658
2019-11-03,5.013929843902588
2019-11-04,5.082261085510254
2019-11-05,6.253730773925781
2019-11-06,4.9593329429626465
2019-11-07,6.220499038696289
2019-11-08,6.375504970550537
2019-11-09,6.422729015350342
2019-11-10,6.410242080688477
2019-11-11,6.250104904174805
2019-11-12,5.599661827087402
2019-11-13,5.913242816925049
2019-11-14,5.179591178894043
2019-11-15,4.8766889572143555
2019-11-16,4.966530799865723
2019-11-17,4.947780132293701
2019-11-18,4.464852809906006
2019-11-19,4.391477108001709
2019-11-20,4.62584114074707
2019-11-21,5.174938201904297
2019-11-22,6.714382171630859
2019-11-23,4.706912040710449
2019-11-24,4.799678802490234
2019-11-25,4.8271379470825195
2019-11-26,3.8128769397735596
2019-11-27,3.8483920097351074
2019-11-28,4.159468173980713
2019-11-29,4.1847758293151855
2019-11-30,3.8980801105499268
2019-12-01,4.149188041687012
2019-12-02,4.233107089996338
2019-12-03,4.409040927886963
2019-12-04,4.184338092803955
2019-12-05,3.897979974746704
2019-12-06,4.035693168640137
2019-12-07,3.947782039642334
2019-12-08,3.9119811058044434
2019-12-09,4.535000801086426
2019-12-10,4.684502124786377
2019-12-11,4.7093329429626465
2019-12-12,4.677018165588379
2019-12-13,4.576343059539795
2019-12-14,4.789402961730957
2019-12-15,4.7376790046691895
2019-12-16,4.246078014373779
2019-12-17,4.18956184387207
2019-12-18,3.676584005355835
2019-12-19,3.551321029663086
2019-12-20,5.3231048583984375
2019-12-21,5.126331806182861
2019-12-22,5.038416862487793
2019-12-23,3.4754068851470947
2019-12-24,5.512884140014648
2019-12-25,3.011634111404419
2019-12-26,4.11008882522583
2019-12-27,4.155037879943848
2019-12-28,3.7517290115356445
2019-12-29,3.7427170276641846
2019-12-30,3.705838918685913
2019-12-31,3.3658061027526855
2020-01-01,3.844520092010498
2020-01-02,4.459174156188965
2020-01-03,3.420578956604004
2020-01-04,3.270750045776367
2020-01-05,3.4963390827178955
2020-01-06,3.7768590450286865
2020-01-07,4.592199802398682
2020-01-08,4.206837177276611
2020-01-09,3.9837419986724854
2020-01-10,4.138169765472412
2020-01-11,4.050130844116211
2020-01-12,4.317707061767578
2020-01-13,3.9863131046295166
2020-01-14,4.434300899505615
2020-01-15,3.3348031044006348
2020-01-16,4.4547529220581055
2020-01-17,5.037312984466553
2020-01-18,4.819221019744873
2020-01-19,5.137430191040039
2020-01-20,5.449347019195557
2020-01-21,5.591133117675781
2020-01-22,5.623733043670654
2020-01-23,4.126817226409912
2020-01-24,4.050363063812256
2020-01-25,4.2471699714660645
2020-01-26,4.9178948402404785
2020-01-27,5.673274040222168
2020-01-28,3.745124101638794
2020-01-29,4.36731481552124
2020-01-30,3.749263048171997
2020-01-31,3.8495209217071533
2020-02-01,4.872459888458252
2020-02-02,4.912385940551758
2020-02-03,3.8817269802093506
2020-02-04,4.5760297775268555
2020-02-05,4.585601806640625
2020-02-06,5.4530110359191895
2020-02-07,4.1379170417785645
2020-02-08,4.098300933837891
2020-02-09,3.8853468894958496
2020-02-10,3.9996020793914795
2020-02-11,5.657339096069336
2020-02-12,5.99292516708374
2020-02-13,5.593220233917236
2020-02-14,6.203578948974609
2020-02-15,6.018992900848389
2020-02-16,6.195442199707031
2020-02-17,5.723505973815918
2020-02-18,5.535242080688477
2020-02-19,5.703369140625
2020-02-20,5.753620147705078
2020-02-21,5.127295970916748
2020-02-22,4.991114139556885
2020-02-23,4.999791145324707
2020-02-24,5.049083232879639
2020-02-25,4.962431907653809
2020-02-26,6.345773220062256
2020-02-27,5.596157073974609
2020-02-28,4.214341163635254
2020-02-29,4.241772174835205
2020-03-01,4.4022088050842285
2020-03-02,4.136983871459961
2020-03-03,4.192389011383057
2020-03-04,4.295105934143066
2020-03-05,4.502027988433838
2020-03-06,4.0919389724731445
2020-03-07,4.253172874450684
2020-03-08,4.109177112579346
2020-03-09,4.444530963897705
2020-03-10,3.955514907836914
2020-03-11,3.866791009902954
2020-03-12,3.9803481101989746
2020-03-13,4.75201416015625
2020-03-14,3.5754199028015137
2020-03-15,2.847058057785034
2020-03-16,2.427773952484131
2020-03-17,2.627526044845581
2020-03-18,5.670361042022705
2020-03-19,5.8514299392700195
2020-03-20,5.545170783996582
2020-03-21,5.195880889892578
2020-03-22,5.131250858306885
2020-03-23,5.107553005218506
2020-03-24,3.1831440925598145
2020-03-25,3.031826972961426
2020-03-26,3.500730037689209
2020-03-27,3.5065789222717285
2020-03-28,2.6419990062713623
2020-03-29,2.6475369930267334
2020-03-30,3.0252320766448975
2020-03-31,4.123717784881592
2020-04-01,3.547055959701538
2020-04-02,3.527398109436035
2020-04-03,3.8470489978790283
2020-04-04,4.821656227111816
2020-04-05,4.025808811187744
2020-04-06,5.006433010101318
2020-04-07,7.644474029541016
2020-04-08,4.8418049812316895
2020-04-09,4.940308094024658
2020-04-10,4.074219226837158
2020-04-11,4.947493076324463
2020-04-12,3.8968560695648193
2020-04-13,4.946691989898682
2020-04-14,4.958748817443848
2020-04-15,4.264217853546143
2020-04-16,5.048498153686523
2020-04-17,4.998452186584473
2020-04-18,5.06655216217041
2020-04-19,5.028977870941162
2020-04-20,5.132308006286621
2020-04-21,5.093969821929932
2020-04-22,5.047677993774414
2020-04-23,5.060646057128906
2020-04-24,5.124442100524902
2020-04-25,5.106526851654053
2020-04-26,5.295929908752441
2020-04-27,5.092572212219238
2020-04-28,4.96054220199585
2020-04-29,6.232625961303711
2020-04-30,5.241865158081055
2020-05-01,6.211839199066162
2020-05-02,5.3648681640625
2020-05-03,5.284130096435547
2020-05-04,5.283002853393555
2020-05-05,5.655511856079102
2020-05-06,5.6053338050842285
2020-05-07,5.424999237060547
2020-05-08,4.872169017791748
2020-05-09,6.223221778869629
2020-05-10,4.504268169403076
2020-05-11,4.99948787689209
2020-05-12,5.352975845336914
2020-05-13,4.723907947540283
2020-05-14,5.0887250900268555
2020-05-15,4.682886123657227
2020-05-16,4.821784973144531
2020-05-17,5.768416881561279
2020-05-18,5.435972213745117
2020-05-19,5.667900085449219
2020-05-20,6.273684024810791
2020-05-21,5.79085111618042
2020-05-22,4.972342014312744
2020-05-23,5.292827129364014
2020-05-24,7.357982158660889
2020-05-25,5.269550800323486
2020-05-26,5.563404083251953
2020-05-27,7.724971771240234
2020-05-28,8.513666152954102
2020-05-29,9.241914749145508
2020-05-30,10.794007301330566
2020-05-31,11.421042442321777
2020-06-01,11.50815200805664
2020-06-02,11.377063751220703
2020-06-03,10.79937744140625
2020-06-04,11.921567916870117
2020-06-05,9.149476051330566
2020-06-06,11.863861083984375
2020-06-07,10.748462677001953
2020-06-08,12.137127876281738
2020-06-09,13.718911170959473
2020-06-10,14.345293998718262
2020-06-11,11.677861213684082
2020-06-12,12.49170207977295
2020-06-13,12.671664237976074
2020-06-14,12.652222633361816
2020-06-15,12.774351119995117
2020-06-16,10.874151229858398
2020-06-17,11.967680931091309
2020-06-18,10.891227722167969
2020-06-19,11.692218780517578
2020-06-20,11.975441932678223
2020-06-21,12.289663314819336
2020-06-22,12.012051582336426
2020-06-23,12.080750465393066
2020-06-24,11.238045692443848
2020-06-25,13.082530975341797
2020-06-26,12.27094841003418
2020-06-27,10.124570846557617
2020-06-28,10.506248474121094
2020-06-29,11.233622550964355
2020-06-30,12.987561225891113
2020-07-01,13.149534225463867
2020-07-02,14.315901756286621
2020-07-03,21.453855514526367
2020-07-04,21.330196380615234
2020-07-05,20.40531349182129
2020-07-06,20.80077362060547
2020-07-07,21.29363441467285
2020-07-08,23.28921127319336
2020-07-09,22.265378952026367
2020-07-10,20.907995223999023
2020-07-11,18.0963191986084
2020-07-12,18.35694122314453
2020-07-13,16.9610538482666
2020-07-14,16.298229217529297
2020-07-15,15.6697416305542
2020-07-16,15.152745246887207
2020-07-17,15.413227081298828
2020-07-18,13.930257797241211
2020-07-19,14.703351020812988
2020-07-20,14.381841659545898
2020-07-21,14.810759544372559
2020-07-22,15.525256156921387
2020-07-23,15.6089448928833
2020-07-24,14.973265647888184
2020-07-25,15.542886734008789
2020-07-26,17.289915084838867
2020-07-27,16.898651123046875
2020-07-28,16.78803825378418
2020-07-29,16.454660415649414
2020-07-30,16.568326950073242
2020-07-31,16.661331176757812
2020-08-01,19.24587059020996
2020-08-02,18.7976131439209
2020-08-03,17.958541870117188
2020-08-04,17.776403427124023
2020-08-05,17.999340057373047
2020-08-06,19.688987731933594
2020-08-07,19.166828155517578
2020-08-08,18.41399383544922
2020-08-09,18.774457931518555
2020-08-10,19.383731842041016
2020-08-11,17.236875534057617
2020-08-12,17.65492057800293
2020-08-13,18.29233741760254
2020-08-14,17.393678665161133
2020-08-15,17.11138343811035
2020-08-16,17.311832427978516
2020-08-17,17.244094848632812
2020-08-18,16.910808563232422
2020-08-19,18.436208724975586
2020-08-20,17.549922943115234
2020-08-21,17.76654815673828
2020-08-22,18.43887710571289
2020-08-23,20.47020721435547
2020-08-24,22.02018928527832
2020-08-25,22.193523406982422
2020-08-26,21.46258544921875
2020-08-27,22.159378051757812
2020-08-28,24.273488998413086
2020-08-29,23.958602905273438
2020-08-30,23.271316528320312
2020-08-31,23.135848999023438
2020-09-01,23.747983932495117
2020-09-02,23.03856658935547
2020-09-03,21.631742477416992
2020-09-04,20.94955825805664
2020-09-05,19.890277862548828
2020-09-06,20.203025817871094
2020-09-07,20.467376708984375
2020-09-08,20.077476501464844
2020-09-09,20.31339454650879
2020-09-10,19.929527282714844
2020-09-11,18.91840362548828
2020-09-12,18.32993507385254
2020-09-13,18.18144989013672
2020-09-14,18.128639221191406
2020-09-15,17.911659240722656
2020-09-16,18.020219802856445
2020-09-17,18.568574905395508
2020-09-18,18.906686782836914
2020-09-19,18.13936424255371
2020-09-20,16.745330810546875
2020-09-21,15.709917068481445
2020-09-22,16.35114860534668
2020-09-23,16.112314224243164
2020-09-24,16.5902042388916
2020-09-25,16.349288940429688
2020-09-26,16.22114372253418
2020-09-27,15.173900604248047
2020-09-28,17.763320922851562
2020-09-29,21.540382385253906
2020-09-30,22.186716079711914
2020-10-01,21.75889778137207
2020-10-02,20.709030151367188
2020-10-03,20.31644058227539
2020-10-04,21.564393997192383
2020-10-05,20.777244567871094
2020-10-06,19.470373153686523
2020-10-07,19.50029945373535
2020-10-08,20.234338760375977
2020-10-09,22.221759796142578
2020-10-10,26.134885787963867
2020-10-11,26.476743698120117
2020-10-12,27.37141990661621
2020-10-13,33.30955123901367
2020-10-14,30.216922760009766
2020-10-15,59.25922775268555
2020-10-16,44.04054641723633
2020-10-17,41.978328704833984
2020-10-18,32.4410285949707
2020-10-19,33.882938385009766
2020-10-20,31.051366806030273
2020-10-21,26.82373046875
2020-10-22,23.770475387573242
2020-10-23,24.497432708740234
2020-10-24,25.73779296875
2020-10-25,38.49485778808594
2020-10-26,33.72261047363281
2020-10-27,35.245758056640625
2020-10-28,33.615264892578125
2020-10-29,32.643192291259766
2020-10-30,29.268766403198242
2020-10-31,31.146846771240234
2020-11-01,31.591875076293945
2020-11-02,29.7430477142334
2020-11-03,28.788293838500977
2020-11-04,28.857746124267578
2020-11-05,29.346532821655273
2020-11-06,31.754432678222656
2020-11-07,29.940458297729492
2020-11-08,30.691877365112305
2020-11-09,31.199359893798828
2020-11-10,30.37097930908203
2020-11-11,30.09772491455078
2020-11-12,29.517568588256836
2020-11-13,29.223934173583984
2020-11-14,29.35388946533203
2020-11-15,27.825685501098633
2020-11-16,27.53513526916504
2020-11-17,29.247806549072266
2020-11-18,28.882556915283203
2020-11-19,28.700035095214844
2020-11-20,29.09977149963379
2020-11-21,29.90241050720215
2020-11-22,29.709884643554688
2020-11-23,29.2060489654541
2020-11-24,30.162628173828125
2020-11-25,30.97322654724121
2020-11-26,29.92854881286621
2020-11-27,29.921663284301758
2020-11-28,29.986433029174805
2020-11-29,30.01217269897461
2020-11-30,30.371749877929688
2020-12-01,30.22695541381836
2020-12-02,30.605064392089844
2020-12-03,30.502073287963867
2020-12-04,29.122169494628906
2020-12-05,29.878196716308594
2020-12-06,29.360336303710938
2020-12-07,30.49172019958496
2020-12-08,29.977901458740234
2020-12-09,30.498098373413086
2020-12-10,30.60685157775879
2020-12-11,30.0129337310791
2020-12-12,30.068363189697266
2020-12-13,30.087234497070312
2020-12-14,29.442977905273438
2020-12-15,29.19156837463379
2020-12-16,28.561220169067383
2020-12-17,28.563356399536133
2020-12-18,28.489696502685547
2020-12-19,28.299299240112305
2020-12-20,28.348827362060547
2020-12-21,25.221773147583008
2020-12-22,24.67493438720703
2020-12-23,22.33257293701172
2020-12-24,23.753868103027344
2020-12-25,24.356475830078125
2020-12-26,23.564008712768555
2020-12-27,22.26886749267578
2020-12-28,22.013368606567383
2020-12-29,20.437702178955078
2020-12-30,21.64124298095703
2020-12-31,24.35386848449707
2021-01-01,22.2910099029541
2021-01-02,21.80889129638672
2021-01-03,21.42637825012207
2021-01-04,21.4674072265625
2021-01-05,21.632770538330078
2021-01-06,21.969751358032227
2021-01-07,22.107826232910156
2021-01-08,21.662431716918945
2021-01-09,22.114524841308594
2021-01-10,23.497114181518555
2021-01-11,21.613977432250977
2021-01-12,21.03443145751953
2021-01-13,21.687957763671875
2021-01-14,21.560232162475586
2021-01-15,21.527254104614258
2021-01-16,22.849653244018555
2021-01-17,24.35165786743164
2021-01-18,23.72939682006836
2021-01-19,22.736326217651367
2021-01-20,22.374847412109375
2021-01-21,21.293458938598633
2021-01-22,22.306198120117188
2021-01-23,22.707294464111328
2021-01-24,22.759355545043945
2021-01-25,22.437036514282227
2021-01-26,22.19120979309082
2021-01-27,21.46245574951172
2021-01-28,21.947097778320312
2021-01-29,22.275327682495117
2021-01-30,22.059890747070312
2021-01-31,22.27235984802246
2021-02-01,22.609542846679688
2021-02-02,22.54334831237793
2021-02-03,23.035694122314453
2021-02-04,22.882219314575195
2021-02-05,24.51900291442871
2021-02-06,24.278181076049805
2021-02-07,24.080337524414062
2021-02-08,27.655271530151367
2021-02-09,43.76497268676758
2021-02-10,39.90920639038086
2021-02-11,40.25332260131836
2021-02-12,42.785888671875
2021-02-13,41.69516372680664
2021-02-14,47.475772857666016
2021-02-15,42.9723014831543
2021-02-16,41.95555114746094
2021-02-17,43.24003601074219
2021-02-18,43.43219757080078
2021-02-19,43.141292572021484
2021-02-20,43.26521682739258
2021-02-21,44.78836441040039
2021-02-22,39.47437286376953
2021-02-23,35.442047119140625
2021-02-24,36.67176055908203
2021-02-25,34.910560607910156
2021-02-26,35.10603332519531
2021-02-27,38.028404235839844
2021-02-28,35.991943359375
2021-03-01,38.43284606933594
2021-03-02,38.186370849609375
2021-03-03,42.258270263671875
2021-03-04,40.744232177734375
2021-03-05,40.55181121826172
2021-03-06,40.485286712646484
2021-03-07,41.53217697143555
2021-03-08,41.54338455200195
2021-03-09,41.97175979614258
2021-03-10,42.63264846801758
2021-03-11,42.244407653808594
2021-03-12,44.13233947753906
2021-03-13,49.66910171508789
2021-03-14,54.541751861572266
2021-03-15,53.60643768310547
2021-03-16,63.24059295654297
2021-03-17,89.26824951171875
2021-03-18,79.6872787475586
2021-03-19,83.31784057617188
2021-03-20,82.4513168334961
2021-03-21,80.99925231933594
2021-03-22,76.77964782714844
2021-03-23,82.44951629638672
2021-03-24,86.3653335571289
2021-03-25,90.8432846069336
2021-03-26,124.0726547241211
2021-03-27,133.1842498779297
2021-03-28,125.44705200195312
2021-03-29,127.52912139892578
2021-03-30,149.66490173339844
2021-03-31,191.35655212402344
2021-04-01,188.17861938476562
2021-04-02,171.9756317138672
2021-04-03,178.85218811035156
2021-04-04,183.77664184570312
2021-04-05,176.7781982421875
2021-04-06,166.02606201171875
2021-04-07,156.49478149414062
2021-04-08,154.59666442871094
2021-04-09,172.51986694335938
2021-04-10,174.75537109375
2021-04-11,179.18431091308594
2021-04-12,168.17828369140625
2021-04-13,163.9652099609375
2021-04-14,168.1937713623047
2021-04-15,171.2221221923828
2021-04-16,183.25384521484375
2021-04-17,182.68865966796875
2021-04-18,156.309326171875
2021-04-19,154.8578338623047
2021-04-20,153.70164489746094
2021-04-21,148.27786254882812
2021-04-22,145.82623291015625
2021-04-23,138.89479064941406
2021-04-24,133.53948974609375
2021-04-25,133.92662048339844
2021-04-26,154.2904052734375
2021-04-27,152.28695678710938
2021-04-28,150.94000244140625
2021-04-29,149.79852294921875
2021-04-30,163.8935546875
2021-05-01,164.37672424316406
2021-05-02,162.5815887451172
2021-05-03,160.3058319091797
2021-05-04,140.9249267578125
2021-05-05,152.30941772460938
2021-05-06,153.511962890625
2021-05-07,150.42764282226562
2021-05-08,148.01588439941406
2021-05-09,146.41610717773438
2021-05-10,135.71929931640625
2021-05-11,143.1260986328125
2021-05-12,126.86040496826172
2021-05-13,117.70317077636719
2021-05-14,120.49752044677734
2021-05-15,110.35968017578125
2021-05-16,107.6959228515625
2021-05-17,99.48632049560547
2021-05-18,100.09148406982422
2021-05-19,65.36085510253906
2021-05-20,89.0090103149414
2021-05-21,76.72123718261719
2021-05-22,72.30855560302734
2021-05-23,65.10672760009766
2021-05-24,74.78036499023438
2021-05-25,71.935546875
2021-05-26,74.75837707519531
2021-05-27,71.17574310302734
2021-05-28,66.82040405273438
2021-05-29,68.2123794555664
2021-05-30,68.42208099365234
2021-05-31,72.69061279296875
2021-06-01,69.21102142333984
2021-06-02,70.05376434326172
2021-06-03,89.3205795288086
2021-06-04,87.86652374267578
2021-06-05,88.24462890625
2021-06-06,87.02347564697266
2021-06-07,81.86448669433594
2021-06-08,76.22286224365234
2021-06-09,77.57212829589844
2021-06-10,73.38231658935547
2021-06-11,70.81682586669922
2021-06-12,69.72113800048828
2021-06-13,73.18509674072266
2021-06-14,74.55599975585938
2021-06-15,74.31810760498047
2021-06-16,69.6286849975586
2021-06-17,68.88034057617188
2021-06-18,65.67865753173828
2021-06-19,64.93502044677734
2021-06-20,63.315895080566406
2021-06-21,46.222328186035156
2021-06-22,49.314754486083984
2021-06-23,58.006370544433594
2021-06-24,57.14161682128906
2021-06-25,52.15754318237305
2021-06-26,52.9754524230957
2021-06-27,56.127647399902344
2021-06-28,56.34242630004883
2021-06-29,64.28026580810547
2021-06-30,60.372554779052734
2021-07-01,56.826080322265625
2021-07-02,57.19480895996094
2021-07-03,58.858741760253906
2021-07-04,58.772308349609375
2021-07-05,56.0968017578125
2021-07-06,57.03899383544922
2021-07-07,56.41632843017578
2021-07-08,53.88549041748047
2021-07-09,55.2078971862793
2021-07-10,54.264488220214844
2021-07-11,55.09626007080078
2021-07-12,52.52861404418945
2021-07-13,50.941856384277344
2021-07-14,49.674278259277344
2021-07-15,47.173065185546875
2021-07-16,45.87030029296875
2021-07-17,45.61513900756836
2021-07-18,46.89200210571289
2021-07-19,44.647361755371094
2021-07-20,41.26276397705078
2021-07-21,46.171817779541016
2021-07-22,45.620296478271484
2021-07-23,47.37638854980469
2021-07-24,49.52629470825195
2021-07-25,49.005374908447266
2021-07-26,49.12922286987305
2021-07-27,49.63713073730469
2021-07-28,49.517242431640625
2021-07-29,49.371131896972656
2021-07-30,51.30790710449219
2021-07-31,52.200218200683594
2021-08-01,53.93782424926758
2021-08-02,54.48331069946289
2021-08-03,54.177982330322266
2021-08-04,56.45480728149414
2021-08-05,57.84474182128906
2021-08-06,64.12664794921875
2021-08-07,69.24951934814453
2021-08-08,64.46961975097656
2021-08-09,67.76835632324219
2021-08-10,66.71885681152344
2021-08-11,71.95195770263672
2021-08-12,68.31310272216797
2021-08-13,74.52377319335938
2021-08-14,72.53233337402344
2021-08-15,73.18621063232422
2021-08-16,73.4897689819336
2021-08-17,69.5578384399414
2021-08-18,67.57759094238281
2021-08-19,70.44851684570312
2021-08-20,73.14984893798828
2021-08-21,78.19670104980469
2021-08-22,77.2397689819336
2021-08-23,79.98380279541016
2021-08-24,74.42459869384766
2021-08-25,76.39356231689453
2021-08-26,72.44007873535156
2021-08-27,75.15064239501953
2021-08-28,73.95093536376953
2021-08-29,73.67280578613281
2021-08-30,71.13211822509766
2021-08-31,75.94700622558594
2021-09-01,78.7352294921875
2021-09-02,77.44425201416016
2021-09-03,77.74469757080078
2021-09-04,94.90006256103516
2021-09-05,113.60474395751953
2021-09-06,106.24044036865234
2021-09-07,83.97139739990234
2021-09-08,88.20660400390625
2021-09-09,88.57160949707031
2021-09-10,82.48832702636719
2021-09-11,81.74470520019531
2021-09-12,83.78145599365234
2021-09-13,78.252685546875
2021-09-14,80.84123229980469
2021-09-15,86.35386657714844
2021-09-16,84.73345184326172
2021-09-17,85.70353698730469
2021-09-18,84.35784149169922
2021-09-19,83.51979064941406
2021-09-20,74.07109069824219
2021-09-21,69.44524383544922
2021-09-22,74.58354187011719
2021-09-23,74.83851623535156
2021-09-24,63.30156326293945
2021-09-25,60.451473236083984
2021-09-26,55.73310470581055
2021-09-27,59.12313461303711
2021-09-28,55.43757247924805
2021-09-29,57.06840133666992
2021-09-30,60.012264251708984
2021-10-01,71.51819610595703
2021-10-02,69.96268463134766
2021-10-03,69.07921600341797
2021-10-04,69.53907012939453
2021-10-05,70.96365356445312
2021-10-06,71.89198303222656
2021-10-07,71.45570373535156
2021-10-08,79.3602294921875
2021-10-09,76.70929718017578
2021-10-10,69.88310241699219
2021-10-11,73.2475357055664
2021-10-12,69.77430725097656
2021-10-13,68.2784652709961
2021-10-14,70.28178405761719
2021-10-15,67.23261260986328
2021-10-16,66.51651763916016
2021-10-17,63.41889190673828
2021-10-18,63.39232635498047
2021-10-19,62.96736526489258
2021-10-20,66.84131622314453
2021-10-21,63.603431701660156
2021-10-22,65.84414672851562
2021-10-23,64.85674285888672
2021-10-24,62.658470153808594
2021-10-25,63.92448425292969
2021-10-26,62.827205657958984
2021-10-27,55.309810638427734
2021-10-28,58.174434661865234
2021-10-29,59.851173400878906
2021-10-30,60.74198532104492
2021-10-31,64.41033935546875
2021-11-01,63.92739486694336
2021-11-02,64.78323364257812
2021-11-03,64.05521392822266
2021-11-04,62.5294303894043
2021-11-05,63.65859603881836
2021-11-06,61.93137741088867
2021-11-07,62.59418487548828
2021-11-08,64.35102081298828
2021-11-09,66.75120544433594
2021-11-10,63.60045623779297
2021-11-11,63.03602981567383
2021-11-12,62.794654846191406
2021-11-13,63.02987289428711
2021-11-14,62.56440734863281
2021-11-15,60.822261810302734
2021-11-16,56.23954772949219
2021-11-17,56.16044235229492
2021-11-18,51.763980865478516
2021-11-19,53.799705505371094
2021-11-20,54.37587356567383
2021-11-21,53.28694534301758
2021-11-22,51.748146057128906
2021-11-23,51.76137924194336
2021-11-24,50.70396041870117
2021-11-25,50.10930252075195
2021-11-26,52.48121643066406
2021-11-27,57.80719757080078
2021-11-28,56.49541091918945
2021-11-29,54.815616607666016
2021-11-30,53.76339340209961
2021-12-01,54.38507843017578
2021-12-02,53.673011779785156
2021-12-03,49.655460357666016
2021-12-04,41.07488250732422
2021-12-05,39.08121871948242
2021-12-06,38.896427154541016
2021-12-07,39.21014404296875
2021-12-08,41.420074462890625
2021-12-09,37.54209899902344
2021-12-10,39.92409896850586
2021-12-11,40.378726959228516
2021-12-12,39.79555130004883
2021-12-13,35.89093017578125
2021-12-14,36.50948715209961
2021-12-15,38.22666931152344
2021-12-16,37.21442413330078
2021-12-17,35.6921272277832
2021-12-18,36.292022705078125
2021-12-19,35.792240142822266
2021-12-20,34.783512115478516
2021-12-21,35.312774658203125
2021-12-22,35.601234436035156
2021-12-23,37.35235595703125
2021-12-24,36.32651901245117
2021-12-25,36.997222900390625
2021-12-26,37.29099655151367
2021-12-27,39.149314880371094
2021-12-28,36.2878303527832
2021-12-29,34.173099517822266
2021-12-30,34.97287368774414
2021-12-31,34.27048110961914
2022-01-01,35.854888916015625
2022-01-02,35.79262161254883
2022-01-03,35.02036666870117
2022-01-04,36.09860610961914
2022-01-05,33.25813674926758
2022-01-06,32.99421691894531
2022-01-07,31.459590911865234
2022-01-08,29.43951988220215
2022-01-09,30.234939575195312
2022-01-10,28.169618606567383
2022-01-11,28.887550354003906
2022-01-12,30.771364212036133
2022-01-13,28.467012405395508
2022-01-14,29.802885055541992
2022-01-15,29.783924102783203
2022-01-16,30.41349220275879
2022-01-17,29.019115447998047
2022-01-18,28.51617431640625
2022-01-19,27.6314697265625
2022-01-20,26.141456604003906
2022-01-21,21.872447967529297
2022-01-22,18.95928192138672
2022-01-23,19.455968856811523
2022-01-24,18.413217544555664
2022-01-25,18.149860382080078
2022-01-26,19.30718231201172
2022-01-27,19.221660614013672
2022-01-28,19.62281608581543
2022-01-29,20.220657348632812
2022-01-30,19.8370304107666
2022-01-31,21.322904586791992
2022-02-01,20.914812088012695
2022-02-02,20.183401107788086
2022-02-03,20.316822052001953
2022-02-04,21.617502212524414
2022-02-05,22.016569137573242
2022-02-06,22.447750091552734
2022-02-07,24.404754638671875
2022-02-08,24.5963134765625
2022-02-09,24.269861221313477
2022-02-10,23.179502487182617
2022-02-11,21.03780174255371
2022-02-12,20.85038185119629
2022-02-13,20.66428565979004
2022-02-14,20.727550506591797
2022-02-15,22.342147827148438
2022-02-16,23.083826065063477
2022-02-17,20.481836318969727
2022-02-18,21.160259246826172
2022-02-19,20.87793731689453
2022-02-20,19.838817596435547
2022-02-21,18.60088539123535
2022-02-22,19.213531494140625
2022-02-23,18.488122940063477
2022-02-24,18.4266357421875
2022-02-25,18.921918869018555
2022-02-26,19.075420379638672
2022-02-27,20.34723663330078
2022-02-28,21.672407150268555
2022-03-01,20.935630798339844
2022-03-02,20.68394660949707
2022-03-03,20.141826629638672
2022-03-04,18.778594970703125
2022-03-05,19.108638763427734
2022-03-06,18.389894485473633
2022-03-07,17.887239456176758
2022-03-08,18.003202438354492
2022-03-09,18.82659149169922
2022-03-10,17.88406753540039
2022-03-11,17.403709411621094
2022-03-12,17.73634910583496
2022-03-13,17.26533317565918
2022-03-14,17.470867156982422
2022-03-15,16.848886489868164
2022-03-16,17.429309844970703
2022-03-17,17.461835861206055
2022-03-18,17.628175735473633
2022-03-19,18.193796157836914
2022-03-20,17.628698348999023
2022-03-21,17.835012435913086
2022-03-22,18.29513931274414
2022-03-23,19.35426139831543
2022-03-24,19.582233428955078
2022-03-25,18.854961395263672
2022-03-26,19.422391891479492
2022-03-27,23.679473876953125
2022-03-28,25.081483840942383
2022-03-29,26.436857223510742
2022-03-30,25.859909057617188
2022-03-31,24.253955841064453
2022-04-01,25.516237258911133
2022-04-02,23.91368865966797
2022-04-03,25.449071884155273
2022-04-04,25.23362159729004
2022-04-05,24.87464714050293
2022-04-06,21.66486358642578
2022-04-07,22.460399627685547
2022-04-08,21.260263442993164
2022-04-09,21.719459533691406
2022-04-10,21.097211837768555
2022-04-11,18.275814056396484
2022-04-12,19.47014045715332
2022-04-13,19.41937828063965
2022-04-14,18.67388153076172
2022-04-15,19.0718936920166
2022-04-16,21.649694442749023
2022-04-17,19.733657836914062
2022-04-18,19.627513885498047
2022-04-19,20.391368865966797
2022-04-20,19.62999153137207
2022-04-21,18.875776290893555
2022-04-22,19.241552352905273
2022-04-23,18.940601348876953
2022-04-24,18.891368865966797
2022-04-25,18.644262313842773
2022-04-26,17.277328491210938
2022-04-27,17.721229553222656
2022-04-28,18.113510131835938
2022-04-29,17.309917449951172
2022-04-30,14.33006763458252
2022-05-01,15.133082389831543
2022-05-02,14.628806114196777
2022-05-03,14.619691848754883
2022-05-04,15.68973159790039
2022-05-05,13.982954025268555
2022-05-06,13.868735313415527
2022-05-07,13.264599800109863
2022-05-08,13.092665672302246
2022-05-09,11.128684997558594
2022-05-10,11.341856956481934
2022-05-11,8.546656608581543
2022-05-12,8.117061614990234
2022-05-13,8.730104446411133
2022-05-14,8.815340042114258
2022-05-15,9.169946670532227
2022-05-16,8.270936012268066
2022-05-17,8.575017929077148
2022-05-18,7.574565887451172
2022-05-19,8.220609664916992
2022-05-20,7.935033798217773
2022-05-21,8.174249649047852
2022-05-22,8.470876693725586
2022-05-23,8.147724151611328
2022-05-24,8.411102294921875
2022-05-25,8.168030738830566
2022-05-26,7.650798797607422
2022-05-27,7.197632789611816
2022-05-28,7.539350986480713
2022-05-29,7.626445770263672
2022-05-30,8.202181816101074
2022-05-31,8.068272590637207
2022-06-01,7.448824882507324
2022-06-02,7.757702827453613
2022-06-03,7.3987860679626465
2022-06-04,7.458556175231934
2022-06-05,7.365964889526367
2022-06-06,7.574289798736572
2022-06-07,7.329800128936768
2022-06-08,7.188389778137207
2022-06-09,7.224277973175049
2022-06-10,6.819968223571777
2022-06-11,6.0942277908325195
2022-06-12,5.714780807495117
2022-06-13,5.314725875854492
2022-06-14,5.488887786865234
2022-06-15,5.846951007843018
2022-06-16,5.288224220275879
2022-06-17,5.340892791748047
2022-06-18,5.108145236968994
2022-06-19,5.476021766662598
2022-06-20,5.469457149505615
2022-06-21,5.950419902801514
2022-06-22,5.5327558517456055
2022-06-23,5.797234058380127
2022-06-24,6.117860794067383
2022-06-25,6.08303689956665
2022-06-26,5.831831932067871
2022-06-27,5.777834892272949
2022-06-28,5.505895137786865
2022-06-29,5.438048839569092
2022-06-30,5.388856887817383
2022-07-01,5.311070919036865
2022-07-02,5.336032867431641
2022-07-03,5.310824871063232
2022-07-04,5.558798789978027
2022-07-05,5.492033958435059
2022-07-06,5.575416088104248
2022-07-07,5.8086700439453125
2022-07-08,5.735401153564453
2022-07-09,5.806200981140137
2022-07-10,5.484713077545166
2022-07-11,5.191658973693848
2022-07-12,5.081657886505127
2022-07-13,5.297848224639893
2022-07-14,5.361026763916016
2022-07-15,5.228496074676514
2022-07-16,5.386935234069824
2022-07-17,5.688718795776367
2022-07-18,5.9876580238342285
2022-07-19,6.05608606338501
2022-07-20,5.581972122192383
2022-07-21,5.632761001586914
2022-07-22,5.486861228942871
2022-07-23,5.583065032958984
2022-07-24,5.648096084594727
2022-07-25,5.2368388175964355
2022-07-26,5.307251930236816
2022-07-27,5.643929958343506
2022-07-28,5.935978889465332
2022-07-29,5.957067012786865
2022-07-30,8.047045707702637
2022-07-31,9.83788013458252
2022-08-01,8.811205863952637
2022-08-02,8.1564302444458
2022-08-03,8.09140396118164
2022-08-04,8.099920272827148
2022-08-05,8.344741821289062
2022-08-06,9.46484088897705
2022-08-07,8.782747268676758
2022-08-08,8.712516784667969
2022-08-09,8.041504859924316
2022-08-10,8.293768882751465
2022-08-11,8.36031723022461
2022-08-12,8.755224227905273
2022-08-13,8.347148895263672
2022-08-14,8.23807144165039
2022-08-15,8.473929405212402
2022-08-16,8.427290916442871
2022-08-17,8.176953315734863
2022-08-18,7.490127086639404
2022-08-19,6.472312927246094
2022-08-20,6.249107837677002
2022-08-21,6.415201187133789
2022-08-22,6.318514823913574
2022-08-23,6.376111030578613
2022-08-24,6.27642297744751
2022-08-25,6.363798141479492
2022-08-26,5.646422863006592
2022-08-27,5.830760955810547
2022-08-28,5.615006923675537
2022-08-29,6.021931171417236
2022-08-30,5.7067670822143555
2022-08-31,5.74414587020874
2022-09-01,5.769774913787842
2022-09-02,5.830132961273193
2022-09-03,6.518858909606934
2022-09-04,6.263213157653809
2022-09-05,6.129817962646484
2022-09-06,5.608129978179932
2022-09-07,5.85374116897583
2022-09-08,5.86186408996582
2022-09-09,6.384137153625488
2022-09-10,6.363796234130859
2022-09-11,6.404723167419434
2022-09-12,6.541749954223633
2022-09-13,5.934765815734863
2022-09-14,5.959261894226074
2022-09-15,5.714375019073486
2022-09-16,5.823904991149902
2022-09-17,5.912121772766113
2022-09-18,5.2518110275268555
2022-09-19,5.480258941650391
2022-09-20,5.314150810241699
2022-09-21,5.2790632247924805
2022-09-22,5.520966053009033
2022-09-23,5.702567100524902
2022-09-24,5.5742411613464355
2022-09-25,5.717006206512451
2022-09-26,5.688374996185303
2022-09-27,5.733759880065918
2022-09-28,5.862675189971924
2022-09-29,5.781772136688232
2022-09-30,5.6842241287231445
2022-10-01,5.517214775085449
2022-10-02,5.377714157104492
2022-10-03,5.525444984436035
2022-10-04,5.6035051345825195
2022-10-05,5.5872111320495605
2022-10-06,5.487321853637695
2022-10-07,5.4717512130737305
2022-10-08,5.397411823272705
2022-10-09,5.431464195251465
2022-10-10,5.156588077545166
2022-10-11,5.129609107971191
2022-10-12,5.145175933837891
2022-10-13,5.137164115905762
2022-10-14,5.066583156585693
2022-10-15,5.1848578453063965
2022-10-16,5.153086185455322
2022-10-17,5.256277084350586
2022-10-18,5.127111911773682
2022-10-19,4.986443996429443
2022-10-20,4.94537878036499
2022-10-21,4.95910120010376
2022-10-22,4.950118064880371
2022-10-23,5.11720609664917
2022-10-24,4.947824001312256
2022-10-25,5.187370777130127
2022-10-26,5.266149044036865
2022-10-27,5.239209175109863
2022-10-28,5.367282867431641
2022-10-29,5.703996181488037
2022-10-30,5.393941879272461
2022-10-31,5.437129020690918
2022-11-01,5.369184970855713
2022-11-02,5.22366189956665
2022-11-03,5.786262035369873
2022-11-04,6.14695405960083
2022-11-05,6.168159008026123
2022-11-06,5.835936069488525
2022-11-07,5.743157863616943
2022-11-08,4.791947841644287
2022-11-09,4.149934768676758
2022-11-10,4.635340213775635
2022-11-11,4.469414234161377
2022-11-12,4.268033981323242
2022-11-13,4.293975830078125
2022-11-14,4.316590785980225
2022-11-15,4.3891401290893555
2022-11-16,4.337913990020752
2022-11-17,4.314888000488281
2022-11-18,4.345102787017822
2022-11-19,4.381630897521973
2022-11-20,4.164133071899414
2022-11-21,4.164794921875
2022-11-22,4.317387104034424
2022-11-23,4.439844131469727
2022-11-24,4.3924150466918945
2022-11-25,4.291097164154053
2022-11-26,4.306499004364014
2022-11-27,4.344768047332764
2022-11-28,4.257767200469971
2022-11-29,4.351963043212891
2022-11-30,4.421574115753174
2022-12-01,4.384764194488525
2022-12-02,4.6456499099731445
2022-12-03,4.4222612380981445
2022-12-04,4.579728126525879
2022-12-05,4.519782066345215
2022-12-06,4.591221809387207
2022-12-07,4.344595909118652
2022-12-08,4.394505023956299
2022-12-09,4.431239128112793
2022-12-10,4.377203941345215
2022-12-11,4.287731170654297
2022-12-12,4.260043144226074
2022-12-13,4.3187360763549805
2022-12-14,4.230090141296387
2022-12-15,4.145280838012695
2022-12-16,3.018541097640991
2022-12-17,3.206968069076538
2022-12-18,3.0572550296783447
2022-12-19,2.8067610263824463
2022-12-20,2.980649948120117
2022-12-21,2.974302053451538
2022-12-22,2.9921629428863525
2022-12-23,2.971451997756958
2022-12-24,2.9350860118865967
2022-12-25,2.963340997695923
2022-12-26,3.003351926803589
2022-12-27,3.070625066757202
2022-12-28,2.993835926055908
2022-12-29,2.979429006576538
2022-12-30,2.972994089126587
2022-12-31,3.0091280937194824
2023-01-01,3.1114180088043213
2023-01-02,3.1478819847106934
2023-01-03,3.092895030975342
2023-01-04,3.3595240116119385
2023-01-05,3.2826709747314453
2023-01-06,3.341075897216797
2023-01-07,3.2983319759368896
2023-01-08,3.439846992492676
2023-01-09,3.790510892868042
2023-01-10,3.7567861080169678
2023-01-11,3.7258100509643555
2023-01-12,3.8532650470733643
2023-01-13,4.01694393157959
2023-01-14,4.783692836761475
2023-01-15,4.696173191070557
2023-01-16,4.566012859344482
2023-01-17,4.626473903656006
2023-01-18,4.262699127197266
2023-01-19,4.412485122680664
2023-01-20,4.751482009887695
2023-01-21,4.945188999176025
2023-01-22,5.431602954864502
2023-01-23,5.422993183135986
2023-01-24,4.983160972595215
2023-01-25,5.459197998046875
2023-01-26,5.446721076965332
2023-01-27,5.384637832641602
2023-01-28,5.279248237609863
2023-01-29,5.487431049346924
2023-01-30,5.102372169494629
2023-01-31,5.234281063079834
2023-02-01,5.687550067901611
2023-02-02,5.459376811981201
2023-02-03,5.6789069175720215
2023-02-04,5.524285793304443
2023-02-05,5.2969818115234375
2023-02-06,5.122544765472412
2023-02-07,5.547709941864014
2023-02-08,5.438179969787598
2023-02-09,4.784856796264648
2023-02-10,4.854320049285889
2023-02-11,5.1034932136535645
2023-02-12,4.919552803039551
2023-02-13,4.869500160217285
2023-02-14,5.084536075592041
2023-02-15,5.479165077209473
2023-02-16,5.39564323425293
2023-02-17,7.670154094696045
2023-02-18,7.5141448974609375
2023-02-19,8.43526840209961
2023-02-20,8.594279289245605
2023-02-21,8.180410385131836
2023-02-22,8.040987968444824
2023-02-23,7.8617401123046875
2023-02-24,6.8516130447387695
2023-02-25,6.722764015197754
2023-02-26,6.90660285949707
2023-02-27,6.864062786102295
2023-02-28,6.472041130065918
2023-03-01,7.253780841827393
2023-03-02,6.887226104736328
2023-03-03,6.254830837249756
2023-03-04,5.914163112640381
2023-03-05,6.141830921173096
2023-03-06,6.100693225860596
2023-03-07,5.970064163208008
2023-03-08,5.7767839431762695
2023-03-09,5.493531227111816
2023-03-10,5.3148651123046875
2023-03-11,4.991639137268066
2023-03-12,5.73008918762207
2023-03-13,6.398665904998779
2023-03-14,6.7644171714782715
2023-03-15,5.618990898132324
2023-03-16,5.828929901123047
2023-03-17,6.396756172180176
2023-03-18,5.878632068634033
2023-03-19,6.288142204284668
2023-03-20,5.7189741134643555
2023-03-21,5.947406768798828
2023-03-22,5.661059856414795
2023-03-23,5.934812068939209
2023-03-24,5.557178020477295
2023-03-25,5.380660057067871
2023-03-26,5.69449520111084
2023-03-27,5.354502201080322
2023-03-28,5.565254211425781
2023-03-29,5.743597984313965
2023-03-30,5.556140899658203
2023-03-31,5.688201904296875
2023-04-01,5.729331970214844
2023-04-02,5.55596923828125
2023-04-03,5.575139999389648
2023-04-04,5.617970943450928
2023-04-05,5.67209005355835
2023-04-06,5.6005048751831055
2023-04-07,5.793610095977783
2023-04-08,5.774810791015625
2023-04-09,5.750400066375732
2023-04-10,6.176751136779785
2023-04-11,6.115200042724609
2023-04-12,5.957015037536621
2023-04-13,6.082828044891357
2023-04-14,6.2298688888549805
2023-04-15,6.311830043792725
2023-04-16,6.34276819229126
2023-04-17,6.118175029754639
2023-04-18,6.263586044311523
2023-04-19,5.7050299644470215
2023-04-20,5.561659812927246
2023-04-21,5.261168003082275
2023-04-22,5.32620096206665
2023-04-23,5.272049903869629
2023-04-24,5.2544660568237305
2023-04-25,5.3503899574279785
2023-04-26,5.251022815704346
2023-04-27,5.393645763397217
2023-04-28,5.510738849639893
2023-04-29,5.578152179718018
2023-04-30,5.43885612487793
2023-05-01,5.302195072174072
2023-05-02,5.2865729331970215
2023-05-03,5.344766139984131
2023-05-04,5.264100074768066
2023-05-05,5.272160053253174
2023-05-06,5.061654090881348
2023-05-07,5.03908109664917
2023-05-08,4.541431903839111
2023-05-09,4.550862789154053
2023-05-10,4.606917858123779
2023-05-11,4.3593950271606445
2023-05-12,4.433818817138672
2023-05-13,4.385085105895996
2023-05-14,4.452134132385254
2023-05-15,4.461219787597656
2023-05-16,4.423760890960693
2023-05-17,4.551493167877197
2023-05-18,4.460461139678955
2023-05-19,4.495100021362305
2023-05-20,4.511178016662598
2023-05-21,4.377230167388916
2023-05-22,4.413597106933594
2023-05-23,4.5196380615234375
2023-05-24,4.46658992767334
2023-05-25,4.416922092437744
2023-05-26,4.44149923324585
2023-05-27,4.484908103942871
2023-05-28,4.6634907722473145
2023-05-29,4.638344764709473
2023-05-30,4.834123134613037
2023-05-31,4.690744876861572
2023-06-01,4.69251823425293
2023-06-02,4.972111225128174
2023-06-03,4.853320121765137
2023-06-04,4.6562299728393555
2023-06-05,4.22450590133667
2023-06-06,4.396378040313721
2023-06-07,4.134322166442871
2023-06-08,4.094632148742676
2023-06-09,4.031723976135254
2023-06-10,3.4891879558563232
2023-06-11,3.4276649951934814
2023-06-12,3.529952049255371
2023-06-13,3.6537599563598633
2023-06-14,3.5659430027008057
2023-06-15,3.6565489768981934
2023-06-16,3.6888539791107178
2023-06-17,3.705699920654297
2023-06-18,3.6776139736175537
2023-06-19,3.68218994140625
2023-06-20,3.7850029468536377
2023-06-21,3.9328720569610596
2023-06-22,3.9239308834075928
2023-06-23,4.040273189544678
2023-06-24,3.929054021835327
2023-06-25,4.126609802246094
2023-06-26,3.9594039916992188
2023-06-27,4.024889945983887
2023-06-28,3.767940044403076
2023-06-29,3.8338539600372314
2023-06-30,3.9503700733184814
2023-07-01,4.099691867828369
2023-07-02,4.108939170837402
2023-07-03,4.7362189292907715
2023-07-04,4.5468010902404785
2023-07-05,4.603277206420898
2023-07-06,4.329304218292236
2023-07-07,4.402100086212158
2023-07-08,4.343326091766357
2023-07-09,4.336453914642334
2023-07-10,4.317637920379639
2023-07-11,4.292287826538086
2023-07-12,4.235037803649902
2023-07-13,4.6935038566589355
2023-07-14,4.43518590927124
2023-07-15,4.433478832244873
2023-07-16,4.353238105773926
2023-07-17,4.350254058837891
2023-07-18,4.275475025177002
2023-07-19,4.261185169219971
2023-07-20,4.435337066650391
2023-07-21,4.472188949584961
2023-07-22,4.447017192840576
2023-07-23,4.5651960372924805
2023-07-24,4.51731014251709
2023-07-25,4.402018070220947
2023-07-26,4.329726219177246
2023-07-27,4.424013137817383
2023-07-28,4.4003071784973145
2023-07-29,4.419478893280029
2023-07-30,4.314192771911621
2023-07-31,4.257393836975098
2023-08-01,4.278834819793701
2023-08-02,4.264708042144775
2023-08-03,4.106633186340332
2023-08-04,4.089356899261475
2023-08-05,4.100356101989746
2023-08-06,4.154808044433594
2023-08-07,4.101586818695068
2023-08-08,4.145440101623535
2023-08-09,4.14939022064209
2023-08-10,4.134815216064453
2023-08-11,4.10679817199707
2023-08-12,4.124847888946533
2023-08-13,4.094109058380127
2023-08-14,4.074738025665283
2023-08-15,3.8497281074523926
2023-08-16,3.7261130809783936
2023-08-17,3.4436519145965576
2023-08-18,3.499875068664551
2023-08-19,3.5657100677490234
2023-08-20,3.564516067504883
2023-08-21,3.416287899017334
2023-08-22,3.3934059143066406
2023-08-23,3.448777914047241
2023-08-24,3.2969799041748047
2023-08-25,3.235245943069458
2023-08-26,3.2607429027557373
2023-08-27,3.311906099319458
2023-08-28,3.3885750770568848
2023-08-29,3.4966928958892822
2023-08-30,3.4157910346984863
2023-08-31,3.213697910308838
2023-09-01,3.1711719036102295
2023-09-02,3.1869919300079346
2023-09-03,3.166429042816162
2023-09-04,3.1730480194091797
2023-09-05,3.238671064376831
2023-09-06,3.2458701133728027
2023-09-07,3.2609589099884033
2023-09-08,3.2258880138397217
2023-09-09,3.241507053375244
2023-09-10,3.1117570400238037
2023-09-11,3.0250370502471924
2023-09-12,3.086988925933838
2023-09-13,3.17802095413208
2023-09-14,3.229940891265869
2023-09-15,3.3658409118652344
2023-09-16,3.325227975845337
2023-09-17,3.337709903717041
2023-09-18,3.3305420875549316
2023-09-19,3.369935989379883
2023-09-20,3.361151933670044
2023-09-21,3.215886116027832
2023-09-22,3.2254409790039062
2023-09-23,3.2419240474700928
2023-09-24,3.2097959518432617
2023-09-25,3.2107150554656982
2023-09-26,3.1698288917541504
2023-09-27,3.2086169719696045
2023-09-28,3.3081700801849365
2023-09-29,3.3387451171875
2023-09-30,3.356117010116577
2023-10-01,3.4608230590820312
2023-10-02,3.3354690074920654
2023-10-03,3.3064990043640137
2023-10-04,3.3129100799560547
2023-10-05,3.2587780952453613
2023-10-06,3.3378820419311523
2023-10-07,3.4480528831481934
2023-10-08,3.396152973175049
2023-10-09,3.2298951148986816
2023-10-10,3.1953680515289307
2023-10-11,3.175595998764038
2023-10-12,3.2092199325561523
2023-10-13,3.2075109481811523
2023-10-14,3.2141270637512207
2023-10-15,3.2232398986816406
2023-10-16,3.2547008991241455
2023-10-17,3.210638999938965
2023-10-18,3.175412893295288
2023-10-19,3.1939079761505127
2023-10-20,3.2149250507354736
2023-10-21,3.342365026473999
2023-10-22,3.4172849655151367
2023-10-23,3.8543639183044434
2023-10-24,3.8346669673919678
2023-10-25,3.769481897354126
2023-10-26,3.7360100746154785
2023-10-27,3.593830108642578
2023-10-28,3.7376708984375
2023-10-29,3.7912681102752686
2023-10-30,3.861377000808716
2023-10-31,3.8251869678497314
2023-11-01,3.9357728958129883
2023-11-02,4.093013763427734
2023-11-03,3.925924062728882
2023-11-04,4.004165172576904
2023-11-05,4.1166839599609375
2023-11-06,4.336669921875
2023-11-07,4.243912220001221
2023-11-08,4.445551872253418
2023-11-09,4.495716094970703
2023-11-10,4.587491035461426
2023-11-11,4.727450847625732
2023-11-12,5.141964912414551
2023-11-13,5.023198127746582
2023-11-14,4.7889180183410645
2023-11-15,5.224843978881836
2023-11-16,4.849195957183838
2023-11-17,4.731686115264893
2023-11-18,4.716464996337891
2023-11-19,4.886618137359619
2023-11-20,4.685923099517822
2023-11-21,4.221436977386475
2023-11-22,4.4747419357299805
2023-11-23,4.490414142608643
2023-11-24,4.640890121459961
2023-11-25,4.779504776000977
2023-11-26,4.600481033325195
2023-11-27,4.538297176361084
2023-11-28,4.533873081207275
2023-11-29,4.433754920959473
2023-11-30,4.386086940765381
2023-12-01,4.500547885894775
2023-12-02,4.669559001922607
2023-12-03,4.576581001281738
2023-12-04,4.725750923156738
2023-12-05,4.7878007888793945
2023-12-06,4.736098766326904
2023-12-07,5.038577079772949
2023-12-08,5.224761009216309
2023-12-09,5.129116058349609
2023-12-10,5.143714904785156
2023-12-11,4.616567134857178
2023-12-12,4.643886089324951
2023-12-13,4.718898773193359
2023-12-14,4.874691963195801
2023-12-15,4.795094013214111
2023-12-16,5.678981781005859
2023-12-17,5.285759925842285
2023-12-18,5.297379970550537
2023-12-19,5.1054887771606445
2023-12-20,5.321292877197266
2023-12-21,5.5003981590271
2023-12-22,5.534220218658447
2023-12-23,5.628480911254883
2023-12-24,5.6405510902404785
2023-12-25,5.800281047821045
2023-12-26,5.767411231994629
2023-12-27,5.941860198974609
2023-12-28,6.257812976837158
2023-12-29,5.804851055145264
2023-12-30,6.025085926055908
2023-12-31,6.929972171783447
2024-01-01,7.6079630851745605
2024-01-02,7.171186923980713
2024-01-03,6.291049957275391
2024-01-04,6.502532958984375
2024-01-05,6.141557216644287
2024-01-06,5.907337188720703
2024-01-07,5.611790180206299
2024-01-08,5.870133876800537
2024-01-09,5.483406066894531
2024-01-10,5.929123878479004
2024-01-11,6.462106227874756
2024-01-12,5.975022792816162
2024-01-13,6.029654026031494
2024-01-14,5.815956115722656
2024-01-15,5.924891948699951
2024-01-16,5.85436487197876
2024-01-17,5.786478042602539
2024-01-18,5.604564189910889
2024-01-19,5.468885898590088
2024-01-20,5.502058982849121
2024-01-21,5.371271133422852
2024-01-22,5.0369391441345215
2024-01-23,4.891053199768066
2024-01-24,5.004737854003906
2024-01-25,4.9666619300842285
2024-01-26,5.176812171936035
2024-01-27,5.333509922027588
2024-01-28,5.192930221557617
2024-01-29,5.334639072418213
2024-01-30,5.1546549797058105
2024-01-31,4.960391044616699
2024-02-01,4.972276210784912
2024-02-02,5.044014930725098
2024-02-03,5.065267086029053
2024-02-04,4.927725791931152
2024-02-05,4.9907331466674805
2024-02-06,5.069389820098877
2024-02-07,5.181991100311279
2024-02-08,5.223236083984375
2024-02-09,5.479312896728516
2024-02-10,5.357882976531982
2024-02-11,5.307243824005127
2024-02-12,5.459167003631592
2024-02-13,5.490612030029297
2024-02-14,5.59431791305542
2024-02-15,5.866004943847656
2024-02-16,5.795269966125488
2024-02-17,6.199123859405518
2024-02-18,6.275467872619629
2024-02-19,7.427043914794922
2024-02-20,7.7319769859313965
2024-02-21,7.236228942871094
2024-02-22,8.055657386779785
2024-02-23,8.009786605834961
2024-02-24,8.095867156982422
2024-02-25,8.117400169372559
2024-02-26,8.152714729309082
2024-02-27,7.659423828125
2024-02-28,7.712491035461426
2024-02-29,8.135860443115234
2024-03-01,8.222474098205566
2024-03-02,9.318838119506836
2024-03-03,10.487898826599121
2024-03-04,10.018404006958008
2024-03-05,8.889789581298828
2024-03-06,10.071797370910645
2024-03-07,9.954533576965332
2024-03-08,11.47085952758789
2024-03-09,11.075340270996094
2024-03-10,10.712620735168457
2024-03-11,11.176763534545898
2024-03-12,10.894078254699707
2024-03-13,10.642696380615234
2024-03-14,10.509090423583984
2024-03-15,9.768524169921875
2024-03-16,8.834836959838867
2024-03-17,9.175634384155273
2024-03-18,8.874861717224121
2024-03-19,7.99421501159668
2024-03-20,8.63406753540039
2024-03-21,9.025538444519043
2024-03-22,8.7037353515625
2024-03-23,8.62746810913086
2024-03-24,8.917427062988281
2024-03-25,9.362483024597168
2024-03-26,9.449270248413086
2024-03-27,9.128179550170898
2024-03-28,9.301408767700195
2024-03-29,9.669443130493164
2024-03-30,9.44165325164795
2024-03-31,9.965422630310059
2024-04-01,9.391366004943848
2024-04-02,8.565409660339355
2024-04-03,8.43335247039795
2024-04-04,8.638520240783691
2024-04-05,8.401153564453125
2024-04-06,8.587167739868164
2024-04-07,8.833585739135742
2024-04-08,9.316519737243652
2024-04-09,8.654461860656738
2024-04-10,8.494768142700195
2024-04-11,8.05201530456543
2024-04-12,6.619019985198975
2024-04-13,5.730703830718994
2024-04-14,6.163818836212158
2024-04-15,6.01185417175293
2024-04-16,6.07788610458374
2024-04-17,5.843282222747803
2024-04-18,5.999029159545898
2024-04-19,6.153690814971924
2024-04-20,6.652500152587891
2024-04-21,6.476399898529053
2024-04-22,6.574313163757324
2024-04-23,6.389020919799805
2024-04-24,6.050018787384033
2024-04-25,5.99458122253418
2024-04-26,6.003209114074707
2024-04-27,5.923327922821045
2024-04-28,5.89553689956665
2024-04-29,5.922525882720947
2024-04-30,5.621706008911133
2024-05-01,5.713424205780029
2024-05-02,5.936491966247559
2024-05-03,6.049036026000977
2024-05-04,6.056492805480957
2024-05-05,6.154695987701416
2024-05-06,6.028936862945557
2024-05-07,5.77473783493042
2024-05-08,5.706348896026611
2024-05-09,5.927069187164307
2024-05-10,5.621685981750488
2024-05-11,5.603928089141846
2024-05-12,5.604376792907715
2024-05-13,5.5990681648254395
2024-05-14,5.347117900848389
2024-05-15,5.788638114929199
2024-05-16,5.749680042266846
2024-05-17,5.889987945556641
2024-05-18,5.850030899047852
2024-05-19,5.553036212921143
2024-05-20,6.1667680740356445
2024-05-21,6.232538223266602
2024-05-22,6.114306926727295
2024-05-23,5.789027214050293
2024-05-24,5.8170318603515625
2024-05-25,6.009364128112793
2024-05-26,5.8523759841918945
2024-05-27,6.110170841217041
2024-05-28,5.935842990875244
2024-05-29,5.778116226196289
2024-05-30,5.809640884399414
2024-05-31,5.737886905670166
2024-06-01,5.792257785797119
2024-06-02,5.808423042297363
2024-06-03,5.789131164550781
2024-06-04,5.958962917327881
2024-06-05,6.076117992401123
2024-06-06,5.958722114562988
2024-06-07,6.116384983062744
2024-06-08,6.05625581741333
2024-06-09,6.128446102142334
2024-06-10,5.790617942810059
2024-06-11,5.38822078704834
2024-06-12,5.65232515335083
2024-06-13,5.377881050109863
2024-06-14,5.0931878089904785
2024-06-15,5.222397804260254
2024-06-16,5.238096237182617
2024-06-17,4.92716121673584
2024-06-18,4.351515769958496
2024-06-19,4.436532020568848
2024-06-20,4.405632019042969
2024-06-21,4.395113945007324
2024-06-22,4.380740165710449
2024-06-23,4.285868167877197
2024-06-24,4.396474838256836
2024-06-25,4.442375183105469
2024-06-26,4.392999172210693
2024-06-27,4.500518798828125
2024-06-28,4.376482963562012
2024-06-29,4.338674068450928
2024-06-30,4.471592903137207
2024-07-01,4.330423831939697
2024-07-02,4.409020900726318
2024-07-03,4.099650859832764
2024-07-04,3.7904980182647705
2024-07-05,3.540834903717041
2024-07-06,3.9816830158233643
2024-07-07,3.633152961730957
2024-07-08,3.8186399936676025
2024-07-09,3.90998911857605
2024-07-10,3.9725589752197266
2024-07-11,4.081707954406738
2024-07-12,4.117102146148682
2024-07-13,4.279301166534424
2024-07-14,4.267838954925537
2024-07-15,4.451779842376709
2024-07-16,4.535258769989014
2024-07-17,4.553431034088135
2024-07-18,4.383535861968994
2024-07-19,4.659226894378662
2024-07-20,4.714453220367432
2024-07-21,4.775507926940918
2024-07-22,4.507594108581543
2024-07-23,4.448916912078857
2024-07-24,4.26777982711792
2024-07-25,4.199559211730957
2024-07-26,4.645359992980957
2024-07-27,4.5816121101379395
2024-07-28,4.445803165435791
2024-07-29,4.439972877502441
2024-07-30,4.331841945648193
2024-07-31,4.209012031555176
2024-08-01,4.16008996963501
2024-08-02,3.8672590255737305
2024-08-03,3.689512014389038
2024-08-04,3.5256049633026123
2024-08-05,3.2430388927459717
2024-08-06,3.495929002761841
2024-08-07,3.350783109664917
2024-08-08,3.8298349380493164
2024-08-09,3.7647669315338135
2024-08-10,3.7777559757232666
2024-08-11,3.4891319274902344
2024-08-12,3.7373719215393066
2024-08-13,3.7086260318756104
2024-08-14,3.5858259201049805
2024-08-15,3.504157066345215
2024-08-16,3.5024709701538086
2024-08-17,3.5654850006103516
2024-08-18,3.549952983856201
2024-08-19,3.623694896697998
2024-08-20,3.6519041061401367
2024-08-21,3.7928879261016846
2024-08-22,3.9486119747161865
2024-08-23,4.228506088256836
2024-08-24,4.245361804962158
2024-08-25,4.159570217132568
2024-08-26,3.9321649074554443
2024-08-27,3.7208220958709717
2024-08-28,3.645634889602661
2024-08-29,3.6423330307006836
2024-08-30,3.642040967941284
2024-08-31,3.568272113800049
2024-09-01,3.3624119758605957
2024-09-02,3.491067886352539
2024-09-03,3.3506550788879395
2024-09-04,3.39288592338562
2024-09-05,3.3581290245056152
2024-09-06,3.2729060649871826
2024-09-07,3.347330093383789
2024-09-08,3.4075160026550293
2024-09-09,3.604033946990967
2024-09-10,3.6631970405578613
2024-09-11,3.604408025741577
2024-09-12,3.658389091491699
2024-09-13,3.7289340496063232
2024-09-14,3.6612770557403564
2024-09-15,3.450982093811035
2024-09-16,3.4135899543762207
2024-09-17,3.4636220932006836
2024-09-18,3.6017730236053467
2024-09-19,3.69046688079834
2024-09-20,3.776228904724121
2024-09-21,3.8692169189453125
2024-09-22,3.7274320125579834
2024-09-23,3.7614619731903076
2024-09-24,3.8595480918884277
2024-09-25,3.9420840740203857
2024-09-26,4.1005730628967285
2024-09-27,4.198005199432373
2024-09-28,4.129866123199463
2024-09-29,4.085205078125
2024-09-30,3.812598943710327
2024-10-01,3.555272102355957
2024-10-02,3.5459320545196533
2024-10-03,3.570434093475342
2024-10-04,3.645158052444458
2024-10-05,3.61694598197937
2024-10-06,3.6953530311584473
2024-10-07,3.710313081741333
2024-10-08,3.6270101070404053
2024-10-09,3.4977450370788574
2024-10-10,3.5337131023406982
2024-10-11,3.5825870037078857
2024-10-12,3.6129488945007324
2024-10-13,3.563206911087036
2024-10-14,3.8585081100463867
2024-10-15,3.798772096633911
2024-10-16,3.751765012741089
2024-10-17,3.642509937286377
2024-10-18,3.7749829292297363
2024-10-19,3.7668960094451904
2024-10-20,3.9825150966644287
2024-10-21,3.850996971130371
2024-10-22,3.799931049346924
2024-10-23,3.678476095199585
2024-10-24,3.7319440841674805
2024-10-25,3.435983896255493
2024-10-26,3.4657280445098877
2024-10-27,3.5639030933380127
2024-10-28,3.6235010623931885
2024-10-29,3.704564094543457
2024-10-30,3.7233049869537354
2024-10-31,3.531569004058838
2024-11-01,3.467700958251953
2024-11-02,3.426429033279419
2024-11-03,3.339992046356201
2024-11-04,3.2686209678649902
2024-11-05,3.3920209407806396
2024-11-06,3.716407060623169
2024-11-07,3.7685370445251465
2024-11-08,3.912935972213745
2024-11-09,4.070218086242676
2024-11-10,4.266575813293457
2024-11-11,4.408804893493652
2024-11-12,4.24172306060791
2024-11-13,4.074394226074219
2024-11-14,3.8595778942108154
2024-11-15,4.192691802978516
2024-11-16,4.739479064941406
2024-11-17,4.340086936950684
2024-11-18,4.53128719329834
2024-11-19,4.4345598220825195
2024-11-20,4.243452072143555
2024-11-21,4.536004066467285
2024-11-22,4.948856830596924
2024-11-23,5.378219127655029
2024-11-24,5.7165608406066895
2024-11-25,5.461270809173584
2024-11-26,5.433981895446777
2024-11-27,5.816755771636963
2024-11-28,5.818788051605225
2024-11-29,6.150688171386719
2024-11-30,7.09623908996582
2024-12-01,6.8878397941589355
2024-12-02,7.266289234161377
2024-12-03,7.343502044677734
2024-12-04,8.084601402282715
2024-12-05,7.741178035736084
2024-12-06,8.099228858947754
2024-12-07,7.835326194763184
2024-12-08,7.886321067810059
2024-12-09,6.291740894317627
2024-12-10,6.210722923278809
2024-12-11,6.689188003540039
2024-12-12,6.734890937805176
2024-12-13,6.751555919647217
2024-12-14,6.43473482131958
2024-12-15,6.718183994293213
2024-12-16,6.537571907043457
2024-12-17,6.276083946228027
2024-12-18,5.652134895324707
2024-12-19,5.0979790687561035
2024-12-20,5.206638813018799
2024-12-21,4.920691013336182
2024-12-22,4.827970027923584
2024-12-23,5.182656764984131
2024-12-24,5.462741851806641
2024-12-25,5.290581226348877
2024-12-26,4.969631195068359
2024-12-27,4.94097900390625
2024-12-28,5.204506874084473
2024-12-29,4.95213508605957
2024-12-30,4.926996231079102
2024-12-31,4.942647933959961
2025-01-01,5.108605861663818
2025-01-02,5.305609226226807
2025-01-03,5.660406112670898
2025-01-04,5.640690803527832
2025-01-05,5.919938087463379
2025-01-06,5.985165119171143
2025-01-07,5.350452899932861
2025-01-08,5.118255138397217
2025-01-09,5.05076789855957
2025-01-10,5.215826988220215
2025-01-11,5.2012248039245605
2025-01-12,5.0897979736328125
2025-01-13,4.921250820159912
2025-01-14,5.2127299308776855
2025-01-15,5.655269145965576
2025-01-16,5.607173919677734
2025-01-17,5.838932037353516
2025-01-18,5.450079917907715
2025-01-19,4.969770908355713
2025-01-20,5.098254203796387
2025-01-21,5.253145217895508
2025-01-22,4.993135929107666
2025-01-23,5.061458110809326
2025-01-24,5.010331153869629
2025-01-25,4.979194164276123
2025-01-26,4.865904808044434
2025-01-27,4.654558181762695
2025-01-28,4.391891956329346
2025-01-29,4.5115838050842285
2025-01-30,4.808488845825195
2025-01-31,4.8073577880859375
2025-02-01,4.383284091949463
2025-02-02,3.5999550819396973
2025-02-03,3.50911808013916
2025-02-04,3.344295024871826
2025-02-05,3.241476058959961
2025-02-06,3.12044095993042
2025-02-07,3.185631036758423
2025-02-08,3.3096799850463867
2025-02-09,3.316422939300537
2025-02-10,3.425568103790283
2025-02-11,3.3378000259399414
2025-02-12,3.476861000061035
2025-02-13,3.403043031692505
2025-02-14,3.531691074371338
2025-02-15,3.4168620109558105
2025-02-16,3.400501012802124
2025-02-17,3.430551052093506
2025-02-18,3.2236390113830566
2025-02-19,3.3252649307250977
2025-02-20,3.5004429817199707
2025-02-21,3.3153200149536133
2025-02-22,3.4328880310058594
2025-02-23,3.4151699542999268
2025-02-24,3.0167019367218018
2025-02-25,3.13874888420105
2025-02-26,3.172868013381958
2025-02-27,3.2585299015045166
2025-02-28,3.2454071044921875
2025-03-01,3.2401769161224365
2025-03-02,3.560312032699585
2025-03-03,3.0682220458984375
2025-03-04,3.018852949142456
2025-03-05,3.1356420516967773
2025-03-06,3.0906569957733154
2025-03-07,3.1108620166778564
2025-03-08,3.1042590141296387
2025-03-09,2.7827579975128174
2025-03-10,2.6512889862060547
2025-03-11,2.735822916030884
2025-03-12,2.7920589447021484
2025-03-13,2.746407985687256
2025-03-14,2.8854761123657227
2025-03-15,2.9511210918426514
2025-03-16,2.8362739086151123
2025-03-17,3.027966022491455
2025-03-18,2.9235150814056396
2025-03-19,3.0896201133728027
2025-03-20,3.0444939136505127
2025-03-21,2.9156789779663086
2025-03-22,2.9881629943847656
2025-03-23,3.0237998962402344
2025-03-24,3.1255600452423096
2025-03-25,3.132456064224243
2025-03-26,3.0253679752349854
2025-03-27,3.0195178985595703
2025-03-28,2.8257250785827637
2025-03-29,2.7468578815460205
2025-03-30,2.7508199214935303
2025-03-31,2.7798221111297607
2025-04-01,2.8383400440216064
2025-04-02,2.7046029567718506
2025-04-03,2.7286789417266846
2025-04-04,2.7659730911254883
2025-04-05,2.6992950439453125
2025-04-06,2.372648000717163
2025-04-07,2.370742082595825
2025-04-08,2.2618229389190674
2025-04-09,2.472104072570801
2025-04-10,2.348525047302246
2025-04-11,2.4568850994110107
2025-04-12,2.5620949268341064
2025-04-13,2.4928829669952393
2025-04-14,2.5288500785827637
2025-04-15,2.4150989055633545
2025-04-16,2.3876869678497314
2025-04-17,2.3801419734954834
2025-04-18,2.452444076538086
2025-04-19,2.638214111328125
2025-04-20,2.648184061050415
2025-04-21,2.610783100128174
2025-04-22,2.7148020267486572
2025-04-23,2.7911410331726074
2025-04-24,2.8546791076660156
2025-04-25,2.8618879318237305
2025-04-26,2.8654489517211914
2025-04-27,2.709990978240967
2025-04-28,2.7665460109710693
2025-04-29,2.7425100803375244
2025-04-30,2.7679378986358643
2025-05-01,2.8391120433807373
2025-05-02,2.8023979663848877
2025-05-03,2.650067090988159
2025-05-04,2.63162899017334
2025-05-05,2.6142120361328125
2025-05-06,2.5880680084228516
2025-05-07,2.5870440006256104
2025-05-08,2.9275310039520264
2025-05-09,3.0232510566711426
2025-05-10,3.244126081466675
2025-05-11,3.138503074645996
2025-05-12,3.140697956085205
2025-05-13,3.2235729694366455
2025-05-14,3.053256034851074
2025-05-15,2.9308559894561768
2025-05-16,2.877624988555908
2025-05-17,2.7828290462493896
2025-05-18,2.918637990951538
2025-05-19,2.8627710342407227
2025-05-20,2.863878011703491
2025-05-21,2.9471890926361084
2025-05-22,3.083854913711548
2025-05-23,2.843043088912964
2025-05-24,2.8253180980682373
2025-05-25,2.8157269954681396
2025-05-26,2.7923879623413086
2025-05-27,2.884053945541382
2025-05-28,2.8589229583740234
2025-05-29,2.7608559131622314
2025-05-30,2.5114150047302246
2025-05-31,2.5975000858306885
2025-06-01,2.5694870948791504
2025-06-02,2.643968105316162
2025-06-03,2.6281468868255615
2025-06-04,2.5655479431152344
2025-06-05,2.373270034790039
2025-06-06,2.4125659465789795
2025-06-07,2.5087759494781494
2025-06-08,2.486860990524292
2025-06-09,2.6043601036071777
2025-06-10,2.7277140617370605
2025-06-11,2.692533016204834
2025-06-12,2.5104970932006836
2025-06-13,2.460242986679077
2025-06-14,2.4229869842529297
2025-06-15,2.4204540252685547
2025-06-16,2.4650321006774902
2025-06-17,2.3952269554138184
2025-06-18,2.389029026031494
2025-06-19,2.347517967224121
2025-06-20,2.259989023208618
2025-06-21,2.185228109359741
2025-06-22,2.0653998851776123
2025-06-23,2.261953115463257
2025-06-24,2.297943115234375
2025-06-25,2.2539451122283936
2025-06-26,2.1971819400787354
2025-06-27,2.2125909328460693
2025-06-28,2.269821882247925
2025-06-29,2.3925719261169434
2025-06-30,2.301992893218994
2025-07-01,2.2028629779815674
2025-07-02,2.371032953262329
2025-07-03,2.3963000774383545
2025-07-04,2.262866973876953
2025-07-05,2.252671003341675
2025-07-06,2.2917261123657227
2025-07-07,2.2793290615081787
2025-07-08,2.31270694732666
2025-07-09,2.438504934310913
2025-07-10,2.59025502204895
2025-07-11,2.5638930797576904
2025-07-12,2.5350279808044434
2025-07-13,2.5605409145355225
2025-07-14,2.574493885040283
2025-07-15,2.642970085144043
2025-07-16,2.651595115661621
2025-07-17,2.712991952896118
2025-07-18,2.7556469440460205
2025-07-19,2.802215099334717
2025-07-20,2.895888090133667
2025-07-21,2.9250330924987793
2025-07-22,2.929841995239258
2025-07-23,2.642422914505005
2025-07-24,2.582897901535034
2025-07-25,2.6487700939178467
2025-07-26,2.662569999694824
2025-07-27,2.7617859840393066
2025-07-28,2.5957350730895996
2025-07-29,2.569222927093506
2025-07-30,2.4911749362945557
2025-07-31,2.395824909210205
2025-08-01,2.298163890838623
2025-08-02,2.2716898918151855
2025-08-03,2.343903064727783
2025-08-04,2.4252829551696777
2025-08-05,2.331294059753418
2025-08-06,2.3777871131896973
2025-08-07,2.488342046737671
2025-08-08,2.5449140071868896
2025-08-09,2.6319971084594727
2025-08-10,2.6251869201660156
2025-08-11,2.4742720127105713
2025-08-12,2.629210948944092
2025-08-13,2.7375879287719727
2025-08-14,2.507838010787964
2025-08-15,2.463470935821533
2025-08-16,2.5311338901519775
2025-08-17,2.5574870109558105
2025-08-18,2.4699840545654297
2025-08-19,2.356029987335205
2025-08-20,2.433809995651245
2025-08-21,2.3905720710754395
2025-08-22,2.576559066772461
2025-08-23,2.523758888244629
2025-08-24,2.4231529235839844
2025-08-25,2.1867709159851074
2025-08-26,2.3235158920288086
2025-08-27,2.30679988861084
2025-08-28,2.382167100906372
2025-08-29,2.270008087158203
2025-08-30,2.2899420261383057
2025-08-31,2.2709879875183105
2025-09-01,2.282921075820923
2025-09-02,2.2694549560546875
2025-09-03,2.330871105194092
2025-09-04,2.2647271156311035
2025-09-05,2.3459529876708984
2025-09-06,2.326324939727783
2025-09-07,2.3950929641723633
2025-09-08,2.4400289058685303
2025-09-09,2.451486110687256
2025-09-10,2.4904909133911133
2025-09-11,2.537116050720215
2025-09-12,2.5616230964660645
2025-09-13,2.6205880641937256
2025-09-14,2.5170040130615234
2025-09-15,2.413810968399048
2025-09-16,2.5572659969329834
2025-09-17,2.5693299770355225
2025-09-18,2.574995994567871
2025-09-19,2.446949005126953
2025-09-20,2.4460999965667725
2025-09-21,2.399600028991699
2025-09-22,2.2625820636749268
2025-09-23,2.240125894546509
2025-09-24,2.2239320278167725
2025-09-25,2.1167759895324707
2025-09-26,2.1963930130004883
2025-09-27,2.1907660961151123
2025-09-28,2.2140440940856934
2025-09-29,2.212707996368408
2025-09-30,2.1873600482940674
2025-10-01,2.295504093170166
2025-10-02,2.3859848976135254
2025-10-03,2.392781972885132
2025-10-04,2.315030097961426
2025-10-05,2.333631992340088
2025-10-06,2.4074699878692627
2025-10-07,2.2839789390563965
2025-10-08,2.365675926208496
2025-10-09,2.3005270957946777
2025-10-10,1.6866190433502197
2025-10-11,1.5622440576553345
2025-10-12,1.6614710092544556
2025-10-13,1.7300169467926025
2025-10-14,1.6760660409927368
2025-10-15,1.6041970252990723
2025-10-16,1.4905949831008911
2025-10-17,1.4653379917144775
2025-10-18,1.4945900440216064
2025-10-19,1.532101035118103
2025-10-20,1.5818359851837158
2025-10-21,1.5622440576553345
2025-10-22,1.5210130214691162
2025-10-23,1.556331992149353
2025-10-24,1.5693219900131226
2025-10-25,1.5612889528274536
2025-10-26,1.6518080234527588
2025-10-27,1.6403889656066895
2025-10-28,1.5588120222091675
2025-10-29,1.584784984588623
2025-10-30,1.4628280401229858
2025-10-31,1.5169570446014404
2025-11-01,1.670078992843628
2025-11-02,1.6671860218048096
2025-11-03,1.4419039487838745
2025-11-04,1.3679579496383667
2025-11-05,1.3993879556655884
2025-11-06,1.9034429788589478
2025-11-07,3.3613619804382324
2025-11-08,2.956437110900879
2025-11-09,2.774259090423584
2025-11-10,2.546844959259033
2025-11-11,2.2259130477905273
2025-11-12,2.1913681030273438
2025-11-13,2.0760200023651123
2025-11-14,1.9825550317764282
2025-11-15,2.0303449630737305
2025-11-16,1.956989049911499
2025-11-17,2.0247910022735596
2025-11-18,1.9875630140304565
2025-11-19,1.8782049417495728
2025-11-20,1.817973017692566
2025-11-21,1.6596519947052002
2025-11-22,1.6141489744186401
2025-11-23,1.6096769571304321
2025-11-24,1.6410800218582153
2025-11-25,1.6628869771957397
2025-11-26,1.6732219457626343
2025-11-27,1.6174349784851074
2025-11-28,1.6178569793701172
2025-11-29,1.6059980392456055
2025-11-30,1.5844249725341797
2025-12-01,1.4811079502105713
2025-12-02,1.532837986946106
2025-12-03,1.5991640090942383
2025-12-04,1.545531988143921
2025-12-05,1.4880650043487549
2025-12-06,1.4918190240859985
2025-12-07,1.455502986907959
2025-12-08,1.5043599605560303
2025-12-09,1.5454939603805542
2025-12-10,1.4694050550460815
2025-12-11,1.3797370195388794
2025-12-12,1.343209981918335
2025-12-13,1.3509470224380493
2025-12-14,1.314877986907959
2025-12-15,1.2652599811553955
2025-12-16,1.288578987121582
2025-12-17,1.2223540544509888
2025-12-18,1.1876519918441772
2025-12-19,1.3097820281982422
2025-12-20,1.374405026435852
2025-12-21,1.277387022972107
2025-12-22,1.2977269887924194
2025-12-23,1.311352014541626
2025-12-24,1.2712969779968262
2025-12-25,1.2131619453430176
2025-12-26,1.227828025817871
2025-12-27,1.3162130117416382
2025-12-28,1.3350269794464111
2025-12-29,1.3168879747390747
2025-12-30,1.3195500373840332
2025-12-31,1.2954989671707153
2026-01-01,1.4859470129013062
2026-01-02,1.5019409656524658
2026-01-03,1.4944779872894287
2026-01-04,1.4901139736175537
2026-01-05,1.5716309547424316
2026-01-06,1.5923980474472046
2026-01-07,1.5179619789123535
2026-01-08,1.4960529804229736
2026-01-09,1.483989953994751
2026-01-10,1.4803179502487183
2026-01-11,1.4541319608688354
2026-01-12,1.4625740051269531
2026-01-13,1.5732090473175049
2026-01-14,1.5910509824752808
2026-01-15,1.5038789510726929
2026-01-16,1.5190999507904053
2026-01-17,1.5492010116577148
2026-01-18,1.4518150091171265
2026-01-19,1.3844380378723145
2026-01-21,1.3363934755325317
